road,id,model_type,name,lat,lon,length
N1,1000000,source,source 1,23.7060278,90.443333,0.0
N1,1000001,bridge,bridge 1,23.7029167,90.4504167,0.814
N1,1000002,link,link 1,23.7027778,90.4504722,0.008
N1,1000003,link,link 2,23.7021389,90.4519722,0.178
N1,1000004,link,link 3,23.6978886,90.4605833,1.0
N1,1000005,bridge,bridge 2,23.6973608,90.4616667,0.13
N1,1000006,link,link 4,23.693833,90.4691382,0.87
N1,1000007,link,link 5,23.6936108,90.4787771,1.0
N1,1000008,link,link 6,23.6938052,90.4805271,0.175
N1,1000009,link,link 7,23.6947497,90.4884997,0.825
N1,1000010,link,link 8,23.6959163,90.4981941,1.0
N1,1000011,link,link 9,23.697333,90.50775,1.0
N1,1000012,link,link 10,23.6979163,90.5092778,0.181
N1,1000013,link,link 11,23.7020556,90.5157222,0.819
N1,1000014,bridge,bridge 3,23.7021111,90.5157778,0.011
N1,1000015,bridge,bridge 4,23.7045833,90.5188327,0.418
N1,1000016,link,link 12,23.7050278,90.5193327,0.074
N1,1000017,link,link 13,23.7060833,90.5215271,0.26
N1,1000018,link,link 14,23.7025278,90.5273882,0.74
N1,1000019,bridge,bridge 5,23.7015278,90.5281938,0.112
N1,1000020,bridge,bridge 6,23.6998608,90.5307216,0.348
N1,1000021,bridge,bridge 7,23.6974163,90.5337774,0.414
N1,1000022,link,link 15,23.6966386,90.5348052,0.126
N1,1000023,bridge,bridge 8,23.6943608,90.5376108,0.382
N1,1000024,bridge,bridge 9,23.6922774,90.5410552,0.428
N1,1000025,link,link 16,23.6918052,90.5426108,0.184
N1,1000026,bridge,bridge 10,23.6911108,90.5448886,0.248
N1,1000027,bridge,bridge 11,23.6910552,90.5451386,0.026
N1,1000028,link,link 17,23.6904163,90.546583,0.165
N1,1000029,link,link 18,23.6865274,90.5504167,0.588
N1,1000030,bridge,bridge 12,23.6854997,90.5512778,0.148
N1,1000031,link,link 19,23.678166,90.5556111,0.852
N1,1000032,link,link 20,23.670916,90.5597778,1.0
N1,1000033,bridge,bridge 13,23.6705827,90.5599722,0.039
N1,1000034,link,link 21,23.6628333,90.5641111,0.961
N1,1000035,link,link 22,23.6604167,90.5671104,0.411
N1,1000036,bridge,bridge 14,23.6591111,90.5697216,0.307
N1,1000037,bridge,bridge 15,23.6583056,90.5709993,0.16
N1,1000038,link,link 23,23.6575,90.5719716,0.122
N1,1000039,bridge,bridge 16,23.6559722,90.5743327,0.307
N1,1000040,bridge,bridge 17,23.6559167,90.5745271,0.021
N1,1000041,bridge,bridge 18,23.6540556,90.5772771,0.352
N1,1000042,bridge,bridge 19,23.6539167,90.5774993,0.03
N1,1000043,link,link 24,23.6525278,90.5798882,0.29
N1,1000044,bridge,bridge 20,23.6508889,90.5826382,0.339
N1,1000045,bridge,bridge 21,23.6506944,90.5829993,0.041
N1,1000046,link,link 25,23.6476108,90.588083,0.62
N1,1000047,bridge,bridge 22,23.6449441,90.5899163,0.354
N1,1000048,bridge,bridge 23,23.6397497,90.5926941,0.643
N1,1000049,link,link 26,23.6396941,90.5927219,0.003
N1,1000050,link,link 27,23.6358608,90.5948052,0.52
N1,1000051,bridge,bridge 24,23.6341108,90.5970274,0.298
N1,1000052,bridge,bridge 25,23.6335552,90.5976941,0.1
N1,1000053,link,link 28,23.6330549,90.5982774,0.082
N1,1000054,bridge,bridge 26,23.6262771,90.6042222,0.975
N1,1000055,link,link 29,23.6252216,90.6049722,0.13
N1,1000056,bridge,bridge 27,23.6242216,90.6055278,0.136
N1,1000057,bridge,bridge 28,23.6224993,90.6066944,0.228
N1,1000058,bridge,bridge 29,23.6204716,90.6079722,0.259
N1,1000059,bridge,bridge 30,23.6195271,90.6085833,0.122
N1,1000060,link,link 30,23.6173604,90.6096944,0.255
N1,1000061,bridge,bridge 31,23.6095556,90.6121944,0.935
N1,1000062,link,link 31,23.609,90.6124722,0.065
N1,1000063,bridge,bridge 32,23.6018611,90.6159722,0.874
N1,1000064,link,link 32,23.6009444,90.6165556,0.126
N1,1000065,link,link 33,23.5959997,90.624666,1.0
N1,1000066,bridge,bridge 33,23.5959441,90.6246938,0.01
N1,1000067,bridge,bridge 34,23.5917497,90.6293327,0.674
N1,1000068,link,link 34,23.5896108,90.6313882,0.316
N1,1000069,bridge,bridge 35,23.5837497,90.6369441,0.874
N1,1000070,link,link 35,23.5828327,90.6378886,0.126
N1,1000071,bridge,bridge 36,23.5825827,90.6381386,0.039
N1,1000072,bridge,bridge 37,23.577916,90.6419719,0.656
N1,1000073,bridge,bridge 38,23.5776104,90.6421108,0.039
N1,1000074,link,link 36,23.5745271,90.6436941,0.396
N1,1000075,bridge,bridge 39,23.572166,90.6451108,0.308
N1,1000076,bridge,bridge 40,23.5718327,90.6453052,0.046
N1,1000077,link,link 37,23.5666111,90.6481663,0.646
N1,1000078,bridge,bridge 41,23.5639167,90.6501944,0.368
N1,1000079,bridge,bridge 42,23.5636944,90.6504722,0.038
N1,1000080,bridge,bridge 43,23.5604167,90.6542222,0.532
N1,1000081,bridge,bridge 44,23.5602222,90.6545,0.038
N1,1000082,link,link 38,23.5599722,90.6548056,0.039
N1,1000083,link,link 39,23.5590278,90.6559444,0.162
N1,1000084,bridge,bridge 45,23.5564444,90.6588611,0.412
N1,1000085,bridge,bridge 46,23.5562222,90.6591389,0.04
N1,1000086,link,link 40,23.5538056,90.6619722,0.395
N1,1000087,bridge,bridge 47,23.5523333,90.6636667,0.242
N1,1000088,link,link 41,23.5487497,90.6678327,0.582
N1,1000089,bridge,bridge 48,23.5474163,90.6694438,0.224
N1,1000090,bridge,bridge 49,23.5469441,90.6699993,0.077
N1,1000091,bridge,bridge 50,23.5442219,90.6731104,0.443
N1,1000092,link,link 42,23.542583,90.6749438,0.256
N1,1000093,link,link 43,23.5362497,90.681916,1.0
N1,1000094,bridge,bridge 51,23.536083,90.6821382,0.034
N1,1000095,bridge,bridge 52,23.5358608,90.6823604,0.04
N1,1000096,bridge,bridge 53,23.5341386,90.6843052,0.275
N1,1000097,link,link 44,23.5301938,90.688833,0.651
N1,1000098,bridge,bridge 54,23.529916,90.6952219,0.664
N1,1000099,link,link 45,23.5301382,90.6984997,0.336
N1,1000100,link,link 46,23.5307493,90.7082778,1.0
N1,1000101,bridge,bridge 55,23.5307771,90.7090278,0.078
N1,1000102,link,link 47,23.5313882,90.7153611,0.355
N1,1000103,link,link 48,23.5314716,90.7172216,0.426
N1,1000104,bridge,bridge 56,23.5315271,90.7173604,0.077
N1,1000105,bridge,bridge 57,23.5315827,90.7176104,0.017
N1,1000106,link,link 49,23.5317216,90.7180271,0.047
N1,1000107,bridge,bridge 58,23.5322346,90.7226298386,0.513
N1,1000108,link,link 50,23.5327216,90.7269993,0.487
N1,1000109,link,link 51,23.528916,90.7356108,1.0
N1,1000110,link,link 52,23.5289993,90.7419441,0.654
N1,1000111,bridge,bridge 59,23.5293882,90.7514167,0.967
N1,1000112,bridge,bridge 60,23.5293882,90.7515833,0.017
N1,1000113,link,link 53,23.529416,90.75175,0.024
N1,1000114,link,link 54,23.5299993,90.7615,1.0
N1,1000115,link,link 55,23.5304438,90.7713049,1.0
N1,1000116,bridge,bridge 61,23.5304993,90.7731104,0.185
N1,1000117,link,link 56,23.5308049,90.7811104,0.815
N1,1000118,link,link 57,23.5307493,90.7816104,0.053
N1,1000119,link,link 58,23.530666,90.7821938,0.066
N1,1000120,bridge,bridge 62,23.5312216,90.7895552,0.773
N1,1000121,link,link 59,23.531166,90.7907219,0.108
N1,1000122,link,link 60,23.5306938,90.7924441,0.955
N1,1000123,link,link 61,23.5308604,90.8002222,0.045
N1,1000124,bridge,bridge 63,23.5308882,90.8041389,0.403
N1,1000125,bridge,bridge 64,23.530916,90.8043611,0.02
N1,1000126,link,link 62,23.5316382,90.8099167,0.577
N1,1000127,link,link 63,23.5332493,90.8194716,1.0
N1,1000128,bridge,bridge 65,23.5346663,90.8249716,0.594
N1,1000129,bridge,bridge 66,23.5347219,90.8251104,0.016
N1,1000130,link,link 64,23.5344997,90.8287216,0.39
N1,1000131,link,link 65,23.5292216,90.8365274,1.0
N1,1000132,bridge,bridge 67,23.5270549,90.8391386,0.367
N1,1000133,link,link 66,23.523166,90.8438886,0.633
N1,1000134,link,link 67,23.5174993,90.8513889,1.0
N1,1000135,link,link 68,23.5170827,90.8607778,1.0
N1,1000136,link,link 69,23.5135833,90.8697771,1.0
N1,1000137,bridge,bridge 68,23.5133056,90.8703049,0.064
N1,1000138,bridge,bridge 69,23.5131111,90.8706382,0.042
N1,1000139,link,link 70,23.5126667,90.871416,0.102
N1,1000140,link,link 71,23.5088056,90.8778604,0.792
N1,1000141,link,link 72,23.506,90.8869163,1.0
N1,1000142,bridge,bridge 70,23.5056111,90.8958886,0.922
N1,1000143,link,link 73,23.5056389,90.8966108,0.078
N1,1000144,link,link 74,23.5062778,90.9063889,1.0
N1,1000145,bridge,bridge 71,23.50575,90.91525,0.911
N1,1000146,link,link 75,23.5057222,90.9160278,0.089
N1,1000147,link,link 76,23.5055278,90.9257216,1.0
N1,1000148,link,link 77,23.5042778,90.9354163,1.0
N1,1000149,link,link 78,23.5043333,90.9354719,0.009
N1,1000150,bridge,bridge 72,23.5038611,90.9371386,0.264
N1,1000151,bridge,bridge 73,23.5028611,90.9412774,0.352
N1,1000152,link,link 79,23.5020278,90.9448886,0.375
N1,1000153,link,link 80,23.4995274,90.9541667,1.0
N1,1000154,link,link 81,23.4986386,90.9651111,1.0
N1,1000155,bridge,bridge 74,23.4980552,90.9660278,0.274
N1,1000156,link,link 82,23.4972774,90.9674716,0.183
N1,1000157,link,link 83,23.4942219,90.9765549,1.0
N1,1000158,bridge,bridge 75,23.4951386,90.9829993,0.694
N1,1000159,link,link 84,23.4942497,90.985833,0.306
N1,1000160,link,link 85,23.4911386,90.9950274,1.0
N1,1000161,link,link 86,23.4894441,91.0033056,0.89
N1,1000162,link,link 87,23.4893886,91.0034722,0.022
N1,1000163,link,link 88,23.4896108,91.0043056,0.071
N1,1000164,link,link 89,23.4893052,91.0112778,0.734
N1,1000165,bridge,bridge 76,23.4890552,91.0120278,0.084
N1,1000166,bridge,bridge 77,23.4889441,91.01225,0.03
N1,1000167,link,link 90,23.488333,91.0140833,0.198
N1,1000168,link,link 91,23.4846386,91.0229438,1.02
N1,1000169,link,link 92,23.4827771,91.0321382,1.0
N1,1000170,bridge,bridge 78,23.481166,91.0404441,0.913
N1,1000171,link,link 93,23.4814716,91.0419719,0.141
N1,1000172,bridge,bridge 79,23.4820827,91.0504167,0.871
N1,1000173,link,link 94,23.4821382,91.0516944,0.129
N1,1000174,link,link 95,23.4815271,91.0590278,0.76
N1,1000175,link,link 96,23.4815549,91.0613611,0.24
N1,1000176,link,link 97,23.4801104,91.0706382,1.0
N1,1000177,bridge,bridge 80,23.4770827,91.0789993,0.944
N1,1000178,link,link 98,23.4770271,91.0794716,0.056
N1,1000179,link,link 99,23.4781938,91.0889997,1.0
N1,1000180,link,link 100,23.4775549,91.0986663,1.0
N1,1000181,bridge,bridge 81,23.4778604,91.1036111,0.513
N1,1000182,link,link 101,23.4779993,91.1055278,0.487
N1,1000183,bridge,bridge 82,23.4789438,91.1177216,0.972
N1,1000184,link,link 102,23.4789716,91.1179993,0.028
N1,1000185,link,link 103,23.4789716,91.118166,0.017
N1,1000186,bridge,bridge 83,23.4793327,91.1234716,0.547
N1,1000187,link,link 104,23.4800827,91.1276382,0.436
N1,1000188,link,link 105,23.4767216,91.1364441,1.0
N1,1000189,link,link 106,23.4682216,91.1394441,1.0
N1,1000190,link,link 107,23.4595833,91.1421386,1.0
N1,1000191,link,link 108,23.459,91.142333,0.068
N1,1000192,link,link 109,23.4513056,91.1460552,0.932
N1,1000193,bridge,bridge 84,23.448833,91.1471386,0.303
N1,1000194,bridge,bridge 85,23.4486386,91.1472497,0.024
N1,1000195,link,link 110,23.4469441,91.1481386,0.21
N1,1000196,link,link 111,23.4425274,91.1497774,0.463
N1,1000197,link,link 112,23.4373886,91.1521944,0.684
N1,1000198,link,link 113,23.4288882,91.1553889,1.0
N1,1000199,link,link 114,23.4236938,91.1626944,0.98
N1,1000200,bridge,bridge 86,23.4235827,91.1629722,0.028
N1,1000201,bridge,bridge 87,23.423416,91.1632778,0.037
N1,1000202,link,link 115,23.4213604,91.167666,0.508
N1,1000203,link,link 116,23.4195271,91.171416,0.427
N1,1000204,link,link 117,23.4191382,91.1721938,0.09
N1,1000205,link,link 118,23.4149444,91.1801382,0.538
N1,1000206,bridge,bridge 88,23.4131111,91.1846663,0.511
N1,1000207,bridge,bridge 89,23.4130556,91.1849163,0.028
N1,1000208,link,link 119,23.4125,91.1893886,0.461
N1,1000209,link,link 120,23.4113056,91.1988886,1.008
N1,1000210,link,link 121,23.4100833,91.2087778,1.027
N1,1000211,bridge,bridge 90,23.4100278,91.2090833,0.037
N1,1000212,link,link 122,23.4048056,91.2165278,0.98
N1,1000213,bridge,bridge 91,23.40375,91.2176382,0.172
N1,1000214,bridge,bridge 92,23.4035556,91.2178049,0.029
N1,1000215,link,link 123,23.398213447804338,91.22288776581436,0.799
N1,1000216,link,link 124,23.3915274,91.2292493,1.0
N1,1000217,bridge,bridge 93,23.3914441,91.2293049,0.01
N1,1000218,bridge,bridge 94,23.385083,91.2345552,0.892
N1,1000219,bridge,bridge 95,23.3849719,91.2346108,0.015
N1,1000220,link,link 125,23.3843886,91.2351108,0.083
N1,1000221,bridge,bridge 96,23.3779716,91.2403608,0.898
N1,1000222,bridge,bridge 97,23.3777493,91.2405274,0.03
N1,1000223,link,link 126,23.377166,91.2409163,0.072
N1,1000224,link,link 127,23.3695827,91.2462774,1.0
N1,1000225,bridge,bridge 98,23.3683327,91.2471108,0.171
N1,1000226,link,link 128,23.3615278,91.2515556,0.904
N1,1000227,bridge,bridge 99,23.3586389,91.25325,0.366
N1,1000228,bridge,bridge 100,23.3584444,91.2533333,0.024
N1,1000229,link,link 129,23.3536944,91.2561389,0.61
N1,1000230,bridge,bridge 101,23.3486386,91.2599444,0.687
N1,1000231,link,link 130,23.3463608,91.2616944,0.313
N1,1000232,link,link 131,23.3390552,91.2672216,1.0
N1,1000233,bridge,bridge 102,23.3360274,91.2700549,0.444
N1,1000234,bridge,bridge 103,23.3357219,91.2703049,0.044
N1,1000235,link,link 132,23.3347219,91.271166,0.143
N1,1000236,link,link 133,23.3321938,91.2734716,0.369
N1,1000237,link,link 134,23.3246382,91.278666,1.0
N1,1000238,bridge,bridge 104,23.324166,91.2791104,0.073
N1,1000239,bridge,bridge 105,23.3240827,91.279166,0.01
N1,1000240,link,link 135,23.3171382,91.2836941,0.917
N1,1000241,bridge,bridge 106,23.3149444,91.2844719,0.27
N1,1000242,bridge,bridge 107,23.31475,91.2845552,0.019
N1,1000243,bridge,bridge 108,23.3096389,91.2861386,0.598
N1,1000244,link,link 136,23.3086944,91.2864163,0.113
N1,1000245,bridge,bridge 109,23.30425,91.288583,0.547
N1,1000246,link,link 137,23.3006111,91.290333,0.453
N1,1000247,bridge,bridge 110,23.296083,91.2914997,0.519
N1,1000248,bridge,bridge 111,23.2959719,91.2915274,0.014
N1,1000249,link,link 138,23.2919163,91.2922219,0.467
N1,1000250,bridge,bridge 112,23.2876663,91.2936386,0.502
N1,1000251,link,link 139,23.283583,91.2952219,0.498
N1,1000252,bridge,bridge 113,23.2787216,91.3002778,0.774
N1,1000253,link,link 140,23.2768882,91.3011944,0.226
N1,1000254,link,link 141,23.2686382,91.3049722,1.0
N1,1000255,bridge,bridge 114,23.2677493,91.3054722,0.116
N1,1000256,bridge,bridge 115,23.2654444,91.3064444,0.277
N1,1000257,bridge,bridge 116,23.2636667,91.30675,0.203
N1,1000258,link,link 142,23.2601111,91.3072778,0.404
N1,1000259,bridge,bridge 117,23.2587222,91.3074444,0.156
N1,1000260,link,link 143,23.2511944,91.3086389,0.844
N1,1000261,bridge,bridge 118,23.249833,91.3091944,0.174
N1,1000262,bridge,bridge 119,23.248333,91.3098056,0.186
N1,1000263,bridge,bridge 120,23.2481663,91.3098889,0.023
N1,1000264,bridge,bridge 121,23.2452774,91.3110556,0.347
N1,1000265,link,link 144,23.243083,91.3119167,0.27
N1,1000266,bridge,bridge 122,23.2416941,91.3123611,0.163
N1,1000267,bridge,bridge 123,23.2344997,91.3131667,0.817
N1,1000268,link,link 145,23.2343052,91.3131667,0.02
N1,1000269,bridge,bridge 124,23.2314993,91.3132222,0.315
N1,1000270,bridge,bridge 125,23.2275549,91.3135278,0.448
N1,1000271,link,link 146,23.2253882,91.3135833,0.237
N1,1000272,link,link 147,23.221416,91.3137222,0.45
N1,1000273,bridge,bridge 126,23.2184993,91.3143889,0.328
N1,1000274,link,link 148,23.2165556,91.3149167,0.222
N1,1000275,bridge,bridge 127,23.2103056,91.3157222,0.718
N1,1000276,link,link 149,23.2078889,91.3159722,0.282
N1,1000277,bridge,bridge 128,23.201,91.3168049,0.771
N1,1000278,link,link 150,23.1990274,91.3170549,0.229
N1,1000279,bridge,bridge 129,23.1921108,91.3185549,0.865
N1,1000280,link,link 151,23.1909997,91.3192493,0.135
N1,1000281,bridge,bridge 130,23.1866941,91.3212493,0.523
N1,1000282,bridge,bridge 131,23.1866108,91.3212771,0.012
N1,1000283,link,link 152,23.1826382,91.3210827,0.465
N1,1000284,bridge,bridge 132,23.1773604,91.3198049,0.614
N1,1000285,link,link 153,23.172916,91.3205271,0.515
N1,1000286,bridge,bridge 133,23.1681382,91.3213604,0.546
N1,1000287,bridge,bridge 134,23.1680549,91.3213604,0.014
N1,1000288,link,link 154,23.1641389,91.3214993,0.44
N1,1000289,bridge,bridge 135,23.1571667,91.3224993,0.792
N1,1000290,link,link 155,23.1554167,91.3232771,0.208
N1,1000291,link,link 156,23.1496941,91.3254993,0.632
N1,1000292,bridge,bridge 136,23.1480274,91.3264993,0.269
N1,1000293,link,link 157,23.1471663,91.3266938,0.099
N1,1000294,bridge,bridge 137,23.1433886,91.326666,0.421
N1,1000295,link,link 158,23.1382219,91.3263049,0.579
N1,1000296,bridge,bridge 138,23.1374163,91.3264716,0.102
N1,1000297,link,link 159,23.1295827,91.3284993,0.898
N1,1000298,bridge,bridge 139,23.1290827,91.3287216,0.07
N1,1000299,bridge,bridge 140,23.1234993,91.3311382,0.675
N1,1000300,link,link 160,23.1213327,91.3320549,0.255
N1,1000301,bridge,bridge 141,23.1193049,91.3329993,0.248
N1,1000302,link,link 161,23.1191382,91.3330827,0.028
N1,1000303,link,link 162,23.1113611,91.3378052,1.0
N1,1000304,bridge,bridge 142,23.1108056,91.3381386,0.075
N1,1000305,bridge,bridge 143,23.1051111,91.3413608,0.72
N1,1000306,link,link 163,23.1035,91.3422497,0.205
N1,1000307,bridge,bridge 144,23.1005833,91.3437774,0.368
N1,1000308,bridge,bridge 145,23.0961941,91.3461108,0.55
N1,1000309,link,link 164,23.095583,91.3464441,0.082
N1,1000310,bridge,bridge 146,23.0901108,91.3494163,0.688
N1,1000311,link,link 165,23.0876108,91.3508889,0.312
N1,1000312,bridge,bridge 147,23.0849719,91.3524722,0.345
N1,1000313,bridge,bridge 148,23.0808049,91.3548611,0.527
N1,1000314,bridge,bridge 149,23.0806938,91.3549444,0.017
N1,1000315,link,link 166,23.0792493,91.3558333,0.193
N1,1000316,bridge,bridge 150,23.0732493,91.3594167,0.766
N1,1000317,link,link 167,23.0712493,91.3599722,0.234
N1,1000318,link,link 168,23.0688604,91.3607222,0.275
N1,1000319,bridge,bridge 151,23.0636944,91.3616389,0.611
N1,1000320,link,link 169,23.0635278,91.3616389,0.018
N1,1000321,link,link 170,23.0614722,91.3616667,0.23
N1,1000322,link,link 171,23.0538611,91.3637222,0.882
N1,1000323,link,link 172,23.0479441,91.3651389,0.5
N1,1000324,link,link 173,23.0449719,91.3653611,0.521
N1,1000325,bridge,bridge 152,23.0427774,91.3654444,0.196
N1,1000326,link,link 174,23.0398052,91.3656111,0.336
N1,1000327,link,link 175,23.0360274,91.36575,0.468
N1,1000328,bridge,bridge 153,23.029416,91.3656389,0.735
N1,1000329,link,link 176,23.0269716,91.3655,0.287
N1,1000330,link,link 177,23.0248327,91.3655278,0.24
N1,1000331,link,link 178,23.0193604,91.3697771,0.761
N1,1000332,bridge,bridge 154,23.0185271,91.3708327,0.151
N1,1000333,bridge,bridge 155,23.0140833,91.3759716,0.724
N1,1000334,link,link 179,23.0132778,91.3769438,0.125
N1,1000335,link,link 180,23.0095556,91.3813604,0.614
N1,1000336,link,link 181,23.0018889,91.3920552,1.407
N1,1000337,link,link 182,22.9963886,91.3998052,1.0
N1,1000338,bridge,bridge 156,22.9961941,91.4005,0.085
N1,1000339,bridge,bridge 157,22.9960552,91.4006667,0.023
N1,1000340,link,link 183,22.9906941,91.4072222,0.917
N1,1000341,link,link 184,22.9877774,91.41,0.448
N1,1000342,link,link 185,22.9858886,91.4120556,0.296
N1,1000343,link,link 186,22.9842219,91.4137222,0.256
N1,1000344,link,link 187,22.9774438,91.4205827,1.051
N1,1000345,link,link 188,22.9711382,91.4273882,1.0
N1,1000346,link,link 189,22.9663333,91.4356108,1.0
N1,1000347,bridge,bridge 158,22.9624167,91.4416941,0.78
N1,1000348,bridge,bridge 159,22.9618056,91.4424997,0.109
N1,1000349,link,link 190,22.9611667,91.4433886,0.111
N1,1000350,link,link 191,22.9561389,91.4517778,1.043
N1,1000351,link,link 192,22.9514444,91.4600278,1.0
N1,1000352,link,link 193,22.9479997,91.4689993,1.012
N1,1000353,link,link 194,22.9483608,91.4761382,0.738
N1,1000354,link,link 195,22.9484997,91.4786938,0.262
N1,1000355,link,link 196,22.9497497,91.4883608,1.008
N1,1000356,link,link 197,22.9497774,91.4980274,1.0
N1,1000357,bridge,bridge 160,22.9496663,91.5007778,0.288
N1,1000358,bridge,bridge 161,22.949583,91.5027778,0.211
N1,1000359,link,link 198,22.9482774,91.50725,0.509
N1,1000360,link,link 199,22.9439441,91.5108611,0.619
N1,1000361,link,link 200,22.940833,91.5124444,0.381
N1,1000362,link,link 201,22.9329716,91.5172216,1.0
N1,1000363,link,link 202,22.9248882,91.5213327,1.0
N1,1000364,link,link 203,22.9167216,91.5253882,1.0
N1,1000365,bridge,bridge 162,22.9156667,91.5259438,0.134
N1,1000366,bridge,bridge 163,22.9138056,91.5268604,0.228
N1,1000367,link,link 204,22.9085833,91.5294993,0.638
N1,1000368,bridge,bridge 164,22.9046667,91.5314438,0.464
N1,1000369,link,link 205,22.9003333,91.5333608,0.536
N1,1000370,link,link 206,22.8994441,91.5336108,0.083
N1,1000371,link,link 207,22.8939997,91.5346941,0.637
N1,1000372,link,link 208,22.8929719,91.5350274,0.113
N1,1000373,bridge,bridge 165,22.8921663,91.5353052,0.104
N1,1000374,link,link 209,22.8916386,91.5354719,0.063
N1,1000375,bridge,bridge 166,22.8829993,91.5381663,1.0
N1,1000376,bridge,bridge 167,22.875166,91.5407219,0.915
N1,1000377,link,link 210,22.8744438,91.5409719,0.085
N1,1000378,bridge,bridge 168,22.8731382,91.5414441,0.162
N1,1000379,bridge,bridge 169,22.868416,91.5431663,0.556
N1,1000380,link,link 211,22.8661111,91.5439997,0.282
N1,1000381,bridge,bridge 170,22.86111772310757,91.54512584501992,0.576
N1,1000382,bridge,bridge 171,22.8595833,91.5454719,0.177
N1,1000383,link,link 212,22.8575556,91.5456386,0.247
N1,1000384,bridge,bridge 172,22.856,91.5457219,0.165
N1,1000385,bridge,bridge 173,22.8550556,91.545833,0.113
N1,1000386,link,link 213,22.8486663,91.5463608,0.722
N1,1000387,bridge,bridge 174,22.8485274,91.5463886,0.017
N1,1000388,bridge,bridge 175,22.8484441,91.5464163,0.01
N1,1000389,bridge,bridge 176,22.8452219,91.5475274,0.38
N1,1000390,bridge,bridge 177,22.8432497,91.5482219,0.24
N1,1000391,link,link 214,22.8401941,91.5490552,0.353
N1,1000392,bridge,bridge 178,22.8372497,91.5492497,0.314
N1,1000393,link,link 215,22.8313882,91.5503611,0.686
N1,1000394,bridge,bridge 179,22.8239438,91.5528333,0.872
N1,1000395,link,link 216,22.8228049,91.5531389,0.128
N1,1000396,link,link 217,22.8141389,91.5555833,1.0
N1,1000397,bridge,bridge 180,22.8110556,91.5563889,0.34
N1,1000398,bridge,bridge 181,22.808,91.5579167,0.406
N1,1000399,bridge,bridge 182,22.8059722,91.5589167,0.252
N1,1000400,link,link 218,22.8059444,91.5589167,0.002
N1,1000401,bridge,bridge 183,22.8045833,91.5591111,0.155
N1,1000402,link,link 219,22.7974719,91.5613611,0.845
N1,1000403,bridge,bridge 184,22.7934163,91.5633333,0.493
N1,1000404,bridge,bridge 185,22.7896108,91.5654444,0.472
N1,1000405,link,link 220,22.7893608,91.5655833,0.035
N1,1000406,bridge,bridge 186,22.7813327,91.5695271,0.994
N1,1000407,link,link 221,22.7812216,91.5695827,0.006
N1,1000408,bridge,bridge 187,22.7811382,91.5696382,0.015
N1,1000409,link,link 222,22.7771104,91.5713327,0.486
N1,1000410,bridge,bridge 188,22.7732771,91.5733604,0.475
N1,1000411,link,link 223,22.7730271,91.5734716,0.024
N1,1000412,bridge,bridge 189,22.7693604,91.5756104,0.469
N1,1000413,bridge,bridge 190,22.7661944,91.5779993,0.002
N1,1000414,link,link 224,22.7654722,91.5785549,0.529
N1,1000415,bridge,bridge 191,22.7621944,91.5811382,0.453
N1,1000416,link,link 225,22.7585278,91.5845274,0.547
N1,1000417,bridge,bridge 192,22.7526389,91.5893608,0.82
N1,1000418,bridge,bridge 193,22.7525,91.5894719,0.023
N1,1000419,link,link 226,22.7513333,91.5903608,0.157
N1,1000420,bridge,bridge 194,22.7496386,91.5916386,0.232
N1,1000421,link,link 227,22.7435552,91.5949163,0.768
N1,1000422,bridge,bridge 195,22.7433052,91.5950274,0.032
N1,1000423,link,link 228,22.7349997,91.5979441,0.968
N1,1000424,bridge,bridge 196,22.7349163,91.5979719,0.012
N1,1000425,link,link 229,22.7263882,91.6007778,0.988
N1,1000426,bridge,bridge 197,22.7221104,91.6030833,0.539
N1,1000427,link,link 230,22.7185549,91.6053056,0.461
N1,1000428,bridge,bridge 198,22.7165556,91.6065556,0.26
N1,1000429,bridge,bridge 199,22.716,91.6069167,0.075
N1,1000430,link,link 231,22.7143889,91.6079444,0.215
N1,1000431,bridge,bridge 200,22.7124167,91.6090556,0.256
N1,1000432,bridge,bridge 201,22.7076111,91.6118056,0.607
N1,1000433,link,link 232,22.7065556,91.6123611,0.137
N1,1000434,bridge,bridge 202,22.706,91.6126944,0.068
N1,1000435,bridge,bridge 203,22.7033056,91.6142222,0.342
N1,1000436,bridge,bridge 204,22.7002222,91.6157778,0.381
N1,1000437,link,link 233,22.6984997,91.616666,0.22
N1,1000438,bridge,bridge 205,22.6919719,91.6198604,0.784
N1,1000439,link,link 234,22.6904163,91.6205271,0.216
N1,1000440,bridge,bridge 206,22.689583,91.6208327,0.098
N1,1000441,bridge,bridge 207,22.685083,91.6228327,0.544
N1,1000442,link,link 235,22.6825549,91.6241938,0.317
N1,1000443,bridge,bridge 208,22.6769438,91.6268327,0.67
N1,1000444,bridge,bridge 209,22.6751382,91.6274438,0.231
N1,1000445,link,link 236,22.6743049,91.6277493,0.099
N1,1000446,link,link 237,22.6733049,91.6280827,0.12
N1,1000447,bridge,bridge 210,22.6722493,91.6285271,0.131
N1,1000448,bridge,bridge 211,22.6678604,91.6301104,0.506
N1,1000449,link,link 238,22.6649167,91.6315549,0.37
N1,1000450,bridge,bridge 212,22.6638333,91.6321382,0.138
N1,1000451,bridge,bridge 213,22.6596667,91.6347219,0.54
N1,1000452,link,link 239,22.6571389,91.636333,0.322
N1,1000453,bridge,bridge 214,22.6543889,91.6381386,0.357
N1,1000454,bridge,bridge 215,22.6527778,91.6391663,0.209
N1,1000455,link,link 240,22.6494997,91.640833,0.411
N1,1000456,bridge,bridge 216,22.6489997,91.6411108,0.067
N1,1000457,bridge,bridge 217,22.6452774,91.6430552,0.463
N1,1000458,link,link 241,22.641583,91.6451108,0.47
N1,1000459,bridge,bridge 218,22.6338608,91.6494719,0.974
N1,1000460,link,link 242,22.6330827,91.649833,0.087
N1,1000461,bridge,bridge 219,22.6320271,91.6503889,0.135
N1,1000462,bridge,bridge 220,22.625916,91.6541389,0.782
N1,1000463,link,link 243,22.6252216,91.6545278,0.083
N1,1000464,bridge,bridge 221,22.6234716,91.6553056,0.219
N1,1000465,bridge,bridge 222,22.6206938,91.6563611,0.333
N1,1000466,bridge,bridge 223,22.6194993,91.6568889,0.163
N1,1000467,bridge,bridge 224,22.6180271,91.6578333,0.02
N1,1000468,bridge,bridge 225,22.6175271,91.65825,0.253
N1,1000469,link,link 244,22.6169716,91.65875,0.091
N1,1000470,bridge,bridge 226,22.6168604,91.6588611,0.016
N1,1000471,bridge,bridge 227,22.6123889,91.6622222,0.612
N1,1000472,link,link 245,22.6094444,91.6638333,0.372
N1,1000473,bridge,bridge 228,22.6088889,91.6641111,0.072
N1,1000474,link,link 246,22.6015833,91.6688327,0.952
N1,1000475,bridge,bridge 229,22.601,91.6692771,0.13
N1,1000476,bridge,bridge 230,22.6000556,91.6699438,0.115
N1,1000477,bridge,bridge 231,22.5994441,91.6703049,0.049
N1,1000478,bridge,bridge 232,22.5942219,91.6737771,0.681
N1,1000479,link,link 247,22.5939997,91.6738327,0.025
N1,1000480,bridge,bridge 233,22.5907497,91.6754716,0.408
N1,1000481,link,link 248,22.584583,91.6780827,0.757
N1,1000482,bridge,bridge 234,22.5836663,91.6784716,0.117
N1,1000483,bridge,bridge 235,22.5834997,91.6785827,0.026
N1,1000484,link,link 249,22.580666,91.6799438,0.343
N1,1000485,bridge,bridge 236,22.5779438,91.6811382,0.331
N1,1000486,link,link 250,22.5763604,91.6818049,0.183
N1,1000487,bridge,bridge 237,22.5731938,91.6830827,0.377
N1,1000488,bridge,bridge 238,22.5730549,91.6831938,0.018
N1,1000489,link,link 251,22.5679716,91.6846941,0.605
N1,1000490,bridge,bridge 239,22.5664722,91.6851663,0.178
N1,1000491,bridge,bridge 240,22.5641389,91.6859163,0.275
N1,1000492,bridge,bridge 241,22.564,91.6859441,0.014
N1,1000493,bridge,bridge 242,22.5624722,91.6863608,0.217
N1,1000494,link,link 252,22.5594444,91.6872219,0.316
N1,1000495,link,link 253,22.5514167,91.6896941,0.939
N1,1000496,bridge,bridge 243,22.5503056,91.6902774,0.144
N1,1000497,bridge,bridge 244,22.5501667,91.6903886,0.031
N1,1000498,link,link 254,22.5438886,91.6945274,0.825
N1,1000499,bridge,bridge 245,22.5428608,91.6950274,0.119
N1,1000500,link,link 255,22.5354997,91.6979441,0.882
N1,1000501,bridge,bridge 246,22.5347774,91.698333,0.09
N1,1000502,link,link 256,22.5273049,91.7019444,0.91
N1,1000503,bridge,bridge 247,22.519416,91.7053611,0.957
N1,1000504,bridge,bridge 248,22.519265407228914,91.70540328072288,0.018
N1,1000505,link,link 257,22.5187216,91.7055556,0.065
N1,1000506,bridge,bridge 249,22.5165556,91.7065833,0.276
N1,1000507,bridge,bridge 250,22.5161667,91.70675,0.045
N1,1000508,bridge,bridge 251,22.5147222,91.7074444,0.182
N1,1000509,bridge,bridge 252,22.5131389,91.7080833,0.194
N1,1000510,bridge,bridge 253,22.5127778,91.7082222,0.041
N1,1000511,link,link 258,22.5106111,91.7090833,0.262
N1,1000512,bridge,bridge 254,22.5094444,91.7096389,0.144
N1,1000513,bridge,bridge 255,22.5093611,91.7096944,0.012
N1,1000514,bridge,bridge 256,22.5074444,91.7105556,0.239
N1,1000515,bridge,bridge 257,22.5073056,91.7106389,0.018
N1,1000516,bridge,bridge 258,22.503,91.7128056,0.53
N1,1000517,link,link 259,22.5025556,91.7130556,0.057
N1,1000518,bridge,bridge 259,22.4969163,91.7155556,0.685
N1,1000519,bridge,bridge 260,22.4968052,91.7156389,0.019
N1,1000520,link,link 260,22.494583,91.7170827,0.296
N1,1000521,bridge,bridge 261,22.4869441,91.7192771,0.887
N1,1000522,link,link 261,22.4854163,91.7195549,0.174
N1,1000523,bridge,bridge 262,22.48280706570156,91.72005100244988,0.297
N1,1000524,bridge,bridge 263,22.4775271,91.7210549,0.601
N1,1000525,bridge,bridge 264,22.4773049,91.7211104,0.025
N1,1000526,link,link 262,22.4765271,91.7213327,0.089
N1,1000527,bridge,bridge 265,22.4694438,91.7250549,0.883
N1,1000528,link,link 263,22.468416,91.7255827,0.136
N1,1000529,link,link 264,22.4603056,91.7295827,1.0
N1,1000530,bridge,bridge 266,22.4588333,91.7303604,0.184
N1,1000531,bridge,bridge 267,22.4586389,91.7304716,0.026
N1,1000532,link,link 265,22.45182350044248,91.7331283022124,0.808
N1,1000533,link,link 266,22.4433886,91.7364163,1.0
N1,1000534,bridge,bridge 268,22.4424997,91.7366663,0.104
N1,1000535,bridge,bridge 269,22.4422219,91.7367497,0.031
N1,1000536,link,link 267,22.4349719,91.7396941,0.925
N1,1000537,bridge,bridge 270,22.4333049,91.7403608,0.137
N1,1000538,bridge,bridge 271,22.4307493,91.7415274,0.311
N1,1000539,bridge,bridge 272,22.4304438,91.7417219,0.043
N1,1000540,link,link 268,22.4269716,91.7439997,0.449
N1,1000541,link,link 269,22.4198882,91.7497774,1.0
N1,1000542,bridge,bridge 273,22.4185549,91.7504722,0.165
N1,1000543,bridge,bridge 274,22.4182771,91.7506667,0.038
N1,1000544,link,link 270,22.4119167,91.7543611,0.797
N1,1000545,link,link 271,22.4101111,91.7544444,0.2
N1,1000546,bridge,bridge 275,22.4084167,91.7551389,0.206
N1,1000547,link,link 272,22.40839921010101,91.75514357643098,0.002
N1,1000548,link,link 273,22.4032222,91.7565278,0.592
N1,1000549,link,link 274,22.3996108,91.7573333,0.4
N1,1000550,bridge,bridge 276,22.3988608,91.7576667,0.104
N1,1000551,bridge,bridge 277,22.3988052,91.7576667,0.007
N1,1000552,link,link 275,22.3944997,91.7586944,0.489
N1,1000553,link,link 276,22.3937774,91.7588056,0.059
N1,1000554,bridge,bridge 278,22.3921108,91.75925,0.217
N1,1000555,bridge,bridge 279,22.3892497,91.7605,0.351
N1,1000556,bridge,bridge 280,22.3887497,91.7607222,0.059
N1,1000557,link,link 277,22.3861663,91.7618333,0.314
N1,1000558,bridge,bridge 281,22.3815271,91.7652222,0.625
N1,1000559,link,link 278,22.379166,91.7675827,0.375
N1,1000560,bridge,bridge 282,22.3764716,91.770416,0.436
N1,1000561,bridge,bridge 283,22.3762254893617,91.77054326631206,0.019
N1,1000562,link,link 279,22.369166,91.7741938,0.545
N1,1000563,link,link 280,22.3691382,91.777666,0.555
N1,1000564,link,link 281,22.3586667,91.7822771,0.193
N1,1000565,link,link 282,22.3644444,91.8511111,8.309
N1,1000566,link,link 283,22.3646111,91.8508333,0.393
N1,1000567,bridge,bridge 284,22.3632778,91.8514722,0.169
N1,1000568,link,link 284,22.3561111,91.8531667,0.831
N1,1000569,bridge,bridge 285,22.3555,91.8530833,0.071
N1,1000570,bridge,bridge 286,22.3553889,91.8530556,0.014
N1,1000571,link,link 285,22.3473886,91.8519444,0.915
N1,1000572,bridge,bridge 287,22.3427219,91.8531389,0.549
N1,1000573,bridge,bridge 288,22.3423608,91.8530833,0.044
N1,1000574,link,link 286,22.3387497,91.8534722,0.407
N1,1000575,bridge,bridge 289,22.338362487628867,91.853695585567,0.052
N1,1000576,bridge,bridge 290,22.3380274,91.8538889,0.045
N1,1000577,bridge,bridge 291,22.3373886,91.8542778,0.08
N1,1000578,bridge,bridge 292,22.3370274,91.8545278,0.047
N1,1000579,link,link 287,22.3314716,91.8515556,0.776
N1,1000580,bridge,bridge 293,22.3297493,91.8521111,0.209
N1,1000581,link,link 288,22.3228327,91.8535556,0.791
N1,1000582,bridge,bridge 294,22.3212771,91.8536111,0.178
N1,1000583,bridge,bridge 295,22.3153611,91.8553056,0.702
N1,1000584,bridge,bridge 296,22.3152222,91.8553333,0.016
N1,1000585,link,link 289,22.3148889,91.8553889,0.045
N1,1000586,link,link 290,22.3108333,91.8570278,0.496
N1,1000587,link,link 291,22.3106111,91.8570833,0.03
N1,1000588,bridge,bridge 297,22.30825,91.8589722,0.327
N1,1000589,link,link 292,22.3071944,91.8598611,0.147
N1,1000590,bridge,bridge 298,22.3043056,91.8621667,0.4
N1,1000591,bridge,bridge 299,22.3021667,91.8639444,0.309
N1,1000592,link,link 293,22.2998886,91.8655833,0.293
N1,1000593,bridge,bridge 300,22.2950274,91.8671938,0.568
N1,1000594,link,link 294,22.2919441,91.8693327,0.427
N1,1000595,link,link 295,22.2916663,91.8696382,0.051
N1,1000596,bridge,bridge 301,22.2916108,91.8711382,0.17
N1,1000597,bridge,bridge 302,22.293583,91.8748604,0.447
N1,1000598,bridge,bridge 303,22.2946386,91.8770827,0.262
N1,1000599,link,link 296,22.2949163,91.877666,0.067
N1,1000600,bridge,bridge 304,22.2951108,91.8781104,0.054
N1,1000601,bridge,bridge 305,22.2983886,91.885583,0.263
N1,1000602,link,link 297,22.2985552,91.886333,0.689
N1,1000603,link,link 298,22.3,91.8915552,0.559
N1,1000604,link,link 299,22.3005833,91.892833,0.441
N1,1000605,bridge,bridge 306,22.3015833,91.897333,0.173
N1,1000606,link,link 300,22.3027222,91.9015556,0.454
N1,1000607,bridge,bridge 307,22.3029722,91.9025,0.103
N1,1000608,link,link 301,22.3053611,91.9106389,0.872
N1,1000609,bridge,bridge 308,22.3070556,91.9128056,0.303
N1,1000610,link,link 302,22.3096944,91.91575,0.424
N1,1000611,link,link 303,22.3114167,91.9176382,0.273
N1,1000612,bridge,bridge 309,22.3124722,91.9188327,0.168
N1,1000613,bridge,bridge 310,22.3156389,91.9224993,0.521
N1,1000614,link,link 304,22.3158889,91.9235827,0.121
N1,1000615,link,link 305,22.3155556,91.9253882,0.19
N1,1000616,bridge,bridge 311,22.3137778,91.9322216,0.75
N1,1000617,link,link 306,22.31375,91.9345274,0.25
N1,1000618,link,link 307,22.3136389,91.9438886,1.0
N1,1000619,bridge,bridge 312,22.3098611,91.9477219,0.618
N1,1000620,link,link 308,22.3067222,91.9491941,0.393
N1,1000621,link,link 309,22.3025,91.9553889,1.0
N1,1000622,bridge,bridge 313,22.3010278,91.9641667,0.926
N1,1000623,bridge,bridge 314,22.3009444,91.9646667,0.052
N1,1000624,link,link 310,22.3009167,91.9648889,0.022
N1,1000625,link,link 311,22.2979441,91.973916,1.0
N1,1000626,bridge,bridge 315,22.2956941,91.9787493,0.568
N1,1000627,link,link 312,22.295333,91.9803049,0.166
N1,1000628,link,link 313,22.2934997,91.9816382,0.266
N1,1000629,link,link 314,22.2933608,91.9821104,0.06
N1,1000630,bridge,bridge 316,22.292083,91.9822493,0.146
N1,1000631,link,link 315,22.291833,91.9823327,0.021
N1,1000632,link,link 316,22.2878052,91.9883886,0.773
N1,1000633,bridge,bridge 317,22.286583,91.9911108,0.303
N1,1000634,bridge,bridge 318,22.2863052,91.991583,0.072
N1,1000635,link,link 317,22.2862497,91.9916941,0.025
N1,1000636,link,link 318,22.2836386,91.9967497,0.6
N1,1000637,bridge,bridge 319,22.2820549,91.9986663,0.27
N1,1000638,link,link 319,22.2761938,92.0043889,0.925
N1,1000639,bridge,bridge 320,22.2745827,92.0053056,0.214
N1,1000640,bridge,bridge 321,22.2722493,92.0055278,0.27
N1,1000641,link,link 320,22.2676104,92.0058056,0.516
N1,1000642,bridge,bridge 322,22.2622222,92.0070556,0.626
N1,1000643,bridge,bridge 323,22.26210145564516,92.00708382580645,0.014
N1,1000644,bridge,bridge 324,22.2600833,92.0075556,0.234
N1,1000645,link,link 321,22.259,92.0081389,0.126
N1,1000646,bridge,bridge 325,22.2557222,92.0096111,0.403
N1,1000647,bridge,bridge 326,22.2538611,92.01125,0.268
N1,1000648,link,link 322,22.2517222,92.0133333,0.329
N1,1000649,bridge,bridge 327,22.249333,92.0152778,0.343
N1,1000650,link,link 323,22.2449997,92.019166,0.657
N1,1000651,bridge,bridge 328,22.2410552,92.0215271,0.602
N1,1000652,bridge,bridge 329,22.2371941,92.0230549,0.479
N1,1000653,link,link 324,22.236083,92.0234716,0.139
N1,1000654,bridge,bridge 330,22.2327771,92.0245549,0.385
N1,1000655,bridge,bridge 331,22.2316938,92.0248882,0.179
N1,1000656,bridge,bridge 332,22.2315827,92.0249438,0.014
N1,1000657,link,link 325,22.227916,92.0258882,0.216
N1,1000658,bridge,bridge 333,22.2278882,92.025916,0.012
N1,1000659,bridge,bridge 334,22.2277771,92.0259438,0.012
N1,1000660,bridge,bridge 335,22.2240271,92.0270827,0.437
N1,1000661,link,link 326,22.2192493,92.0278882,0.539
N1,1000662,bridge,bridge 336,22.2170549,92.0281382,0.248
N1,1000663,link,link 327,22.2131389,92.0304993,0.515
N1,1000664,link,link 328,22.2116111,92.0318049,0.237
N1,1000665,bridge,bridge 337,22.2084444,92.0356663,0.542
N1,1000666,bridge,bridge 338,22.2080278,92.0357774,0.055
N1,1000667,bridge,bridge 339,22.2059444,92.0370274,0.286
N1,1000668,bridge,bridge 340,22.2058889,92.0371386,0.012
N1,1000669,link,link 329,22.2054167,92.0380274,0.105
N1,1000670,link,link 330,22.1977774,92.0433886,1.094
N1,1000671,link,link 331,22.1917219,92.0453608,0.7
N1,1000672,link,link 332,22.1897497,92.046583,0.313
N1,1000673,link,link 333,22.1822771,92.0513889,1.013
N1,1000674,bridge,bridge 341,22.1750827,92.0528611,0.821
N1,1000675,link,link 334,22.1735827,92.0534167,0.179
N1,1000676,link,link 335,22.1652222,92.0548889,1.0
N1,1000677,link,link 336,22.1629722,92.0641944,1.0
N1,1000678,bridge,bridge 342,22.1596667,92.0674716,0.515
N1,1000679,bridge,bridge 343,22.1580556,92.0686104,0.217
N1,1000680,link,link 337,22.156,92.0701104,0.268
N1,1000681,bridge,bridge 344,22.1509722,92.0696938,0.664
N1,1000682,bridge,bridge 345,22.1508889,92.069666,0.009
N1,1000683,link,link 338,22.1491386,92.0696104,0.206
N1,1000684,link,link 339,22.1406663,92.0697771,0.951
N1,1000685,bridge,bridge 346,22.1379163,92.0698882,0.303
N1,1000686,bridge,bridge 347,22.1334441,92.0700827,0.501
N1,1000687,link,link 340,22.1320549,92.0701938,0.161
N1,1000688,bridge,bridge 348,22.1308049,92.070416,0.119
N1,1000689,bridge,bridge 349,22.1304716,92.0704993,0.061
N1,1000690,bridge,bridge 350,22.1285271,92.0708604,0.224
N1,1000691,bridge,bridge 351,22.1282771,92.070916,0.031
N1,1000692,link,link 341,22.1240271,92.0715827,0.485
N1,1000693,bridge,bridge 352,22.123666,92.0716382,0.01
N1,1000694,bridge,bridge 353,22.1208049,92.0719438,0.389
N1,1000695,link,link 342,22.1151944,92.072416,0.601
N1,1000696,bridge,bridge 354,22.1133056,92.0726938,0.282
N1,1000697,link,link 343,22.1062222,92.0738049,0.718
N1,1000698,link,link 344,22.1021667,92.0740549,0.558
N1,1000699,bridge,bridge 355,22.0993052,92.0743604,0.112
N1,1000700,link,link 345,22.0977497,92.0750271,0.25
N1,1000701,link,link 346,22.097583,92.0752216,0.03
N1,1000702,bridge,bridge 356,22.0942219,92.0798604,0.612
N1,1000703,link,link 347,22.092833,92.0812493,0.222
N1,1000704,link,link 348,22.0876941,92.088583,0.956
N1,1000705,bridge,bridge 357,22.0844441,92.0924997,0.546
N1,1000706,link,link 349,22.0826104,92.0958886,0.418
N1,1000707,bridge,bridge 358,22.081166,92.0982774,0.3
N1,1000708,link,link 350,22.0752216,92.1001944,0.7
N1,1000709,bridge,bridge 359,22.0699438,92.1038333,0.704
N1,1000710,bridge,bridge 360,22.0698049,92.104,0.033
N1,1000711,link,link 351,22.0686938,92.10525,0.177
N1,1000712,bridge,bridge 361,22.0641667,92.107,0.566
N1,1000713,bridge,bridge 362,22.0638611,92.1070833,0.045
N1,1000714,bridge,bridge 363,22.0605556,92.1078056,0.38
N1,1000715,link,link 352,22.0604722,92.1078611,0.009
N1,1000716,bridge,bridge 364,22.0568611,92.1090833,0.423
N1,1000717,bridge,bridge 365,22.0522778,92.1091111,0.515
N1,1000718,link,link 353,22.0516944,92.1090278,0.062
N1,1000719,bridge,bridge 366,22.0486386,92.1082222,0.33
N1,1000720,link,link 354,22.0449719,92.1078333,0.439
N1,1000721,bridge,bridge 367,22.0443052,92.1073056,0.095
N1,1000722,link,link 355,22.0434441,92.1063056,0.136
N1,1000723,bridge,bridge 368,22.0379163,92.104,0.695
N1,1000724,link,link 356,22.037083,92.1039722,0.097
N1,1000725,bridge,bridge 369,22.0320827,92.1041667,0.567
N1,1000726,bridge,bridge 370,22.028916,92.1035556,0.378
N1,1000727,link,link 357,22.0284438,92.1032778,0.055
N1,1000728,bridge,bridge 371,22.0283327,92.1031944,0.019
N1,1000729,link,link 358,22.020666,92.1015556,0.899
N1,1000730,bridge,bridge 372,22.0205549,92.1015,0.014
N1,1000731,link,link 359,22.0153056,92.094833,0.923
N1,1000732,bridge,bridge 373,22.0077222,92.0927497,0.93
N1,1000733,link,link 360,22.0074167,92.0924997,0.049
N1,1000734,bridge,bridge 374,22.0039167,92.0904163,0.465
N1,1000735,bridge,bridge 375,21.9999441,92.0880274,0.54
N1,1000736,link,link 361,21.999833,92.0879997,0.016
N1,1000737,bridge,bridge 376,21.9951108,92.0873608,0.547
N1,1000738,bridge,bridge 377,21.9950552,92.0872774,0.017
N1,1000739,bridge,bridge 378,21.9913886,92.086083,0.434
N1,1000740,bridge,bridge 379,21.9908886,92.0859163,0.06
N1,1000741,link,link 362,21.9907219,92.0858608,0.019
N1,1000742,bridge,bridge 380,21.9893886,92.085333,0.16
N1,1000743,bridge,bridge 381,21.9862219,92.0835274,0.406
N1,1000744,bridge,bridge 382,21.9860552,92.0834441,0.024
N1,1000745,link,link 363,21.9829716,92.0817771,0.389
N1,1000746,bridge,bridge 383,21.9811104,92.0800271,0.265
N1,1000747,bridge,bridge 384,21.9810549,92.0799438,0.025
N1,1000748,bridge,bridge 385,21.9798882,92.0778327,0.254
N1,1000749,bridge,bridge 386,21.9789716,92.0747493,0.342
N1,1000750,link,link 364,21.9781104,92.0739993,0.133
N1,1000751,link,link 365,21.9729438,92.0670827,1.017
N1,1000752,link,link 366,21.9720827,92.0657222,0.171
N1,1000753,bridge,bridge 387,21.967666,92.0635,0.564
N1,1000754,link,link 367,21.9654167,92.0625556,0.265
N1,1000755,bridge,bridge 388,21.9620278,92.0633611,0.255
N1,1000756,bridge,bridge 389,21.9618611,92.0634444,0.021
N1,1000757,bridge,bridge 390,21.9590833,92.0653889,0.372
N1,1000758,link,link 368,21.9578333,92.0665833,0.352
N1,1000759,bridge,bridge 391,21.9569167,92.0673327,0.085
N1,1000760,bridge,bridge 392,21.9516111,92.0678604,0.521
N1,1000761,bridge,bridge 393,21.9514444,92.0678604,0.021
N1,1000762,link,link 369,21.9489441,92.0675271,0.303
N1,1000763,bridge,bridge 394,21.9446663,92.0668049,0.461
N1,1000764,link,link 370,21.940583,92.0643889,0.539
N1,1000765,bridge,bridge 395,21.9354441,92.0623056,0.615
N1,1000766,bridge,bridge 396,21.9333608,92.0614167,0.253
N1,1000767,link,link 371,21.9322216,92.06075,0.157
N1,1000768,bridge,bridge 397,21.931666,92.0603611,0.078
N1,1000769,bridge,bridge 398,21.9296104,92.0592778,0.264
N1,1000770,link,link 372,21.9235827,92.0585,0.673
N1,1000771,bridge,bridge 399,21.9177216,92.0597778,0.585
N1,1000772,bridge,bridge 400,21.9160833,92.0601389,0.303
N1,1000773,link,link 373,21.9148333,92.0604722,0.147
N1,1000774,bridge,bridge 401,21.9128611,92.0606667,0.223
N1,1000775,bridge,bridge 402,21.9083889,92.0605278,0.511
N1,1000776,link,link 374,21.9059444,92.0609167,0.27
N1,1000777,link,link 375,21.9031667,92.0611667,0.308
N1,1000778,link,link 376,21.8969997,92.0612222,0.565
N1,1000779,link,link 377,21.89646793301105,92.06108684571824,0.063
N1,1000780,bridge,bridge 403,21.8908886,92.0596667,0.661
N1,1000781,link,link 378,21.8883886,92.0600833,0.282
N1,1000782,bridge,bridge 404,21.8810271,92.0589722,0.833
N1,1000783,link,link 379,21.879416,92.0590833,0.179
N1,1000784,bridge,bridge 405,21.874916,92.0591111,0.508
N1,1000785,link,link 380,21.8704993,92.0591389,0.501
N1,1000786,bridge,bridge 406,21.8625,92.0595,0.907
N1,1000787,link,link 381,21.8616389,92.0596111,0.093
N1,1000788,bridge,bridge 407,21.8597222,92.0602778,0.222
N1,1000789,bridge,bridge 408,21.8592222,92.0604444,0.059
N1,1000790,link,link 382,21.85275,92.0609722,0.724
N1,1000791,bridge,bridge 409,21.8526111,92.0609722,0.021
N1,1000792,bridge,bridge 410,21.8505,92.0609444,0.229
N1,1000793,link,link 383,21.8441386,92.0628056,0.765
N1,1000794,bridge,bridge 411,21.842583,92.0638611,0.213
N1,1000795,bridge,bridge 412,21.8399719,92.0651389,0.322
N1,1000796,link,link 384,21.8363052,92.067416,0.482
N1,1000797,bridge,bridge 413,21.8336663,92.0684438,0.314
N1,1000798,link,link 385,21.8322216,92.0689993,0.171
N1,1000799,link,link 386,21.8280827,92.0712771,0.482
N1,1000800,bridge,bridge 414,21.8256938,92.0723882,0.294
N1,1000801,bridge,bridge 415,21.8252771,92.0725549,0.048
N1,1000802,bridge,bridge 416,21.8208882,92.0741104,0.517
N1,1000803,link,link 387,21.8195271,92.0741382,0.149
N1,1000804,bridge,bridge 417,21.8179716,92.073916,0.181
N1,1000805,link,link 388,21.8119444,92.0776382,0.831
N1,1000806,link,link 389,21.8045278,92.077166,0.844
N1,1000807,bridge,bridge 418,21.8031389,92.0772493,0.156
N1,1000808,bridge,bridge 419,21.8030278,92.0772771,0.015
N1,1000809,link,link 390,21.8029167,92.0772771,0.01
N1,1000810,link,link 391,21.7941941,92.0783882,0.993
N1,1000811,bridge,bridge 420,21.7873886,92.0788882,0.775
N1,1000812,bridge,bridge 421,21.7864997,92.0790271,0.1
N1,1000813,link,link 392,21.7853052,92.079166,0.138
N1,1000814,bridge,bridge 422,21.7836941,92.0792771,0.18
N1,1000815,link,link 393,21.7782493,92.0840552,0.819
N1,1000816,bridge,bridge 423,21.7776382,92.0843886,0.08
N1,1000817,bridge,bridge 424,21.7758049,92.0851108,0.225
N1,1000818,link,link 394,21.7737216,92.0840552,0.195
N1,1000819,bridge,bridge 425,21.7732771,92.0837219,0.135
N1,1000820,link,link 395,21.7713049,92.0818327,0.293
N1,1000821,bridge,bridge 426,21.7711938,92.0816382,0.024
N1,1000822,bridge,bridge 427,21.7693327,92.079416,0.311
N1,1000823,link,link 396,21.7664722,92.0767771,0.429
N1,1000824,link,link 397,21.7646389,92.075916,0.236
N1,1000825,link,link 398,21.7596389,92.0764993,0.575
N1,1000826,link,link 399,21.7546944,92.0770271,0.553
N1,1000827,link,link 400,21.7466386,92.080916,1.002
N1,1000828,bridge,bridge 428,21.7392497,92.0828604,0.865
N1,1000829,link,link 401,21.738083,92.0834163,0.141
N1,1000830,bridge,bridge 429,21.7376386,92.0834719,0.051
N1,1000831,bridge,bridge 430,21.7315827,92.0838052,0.68
N1,1000832,bridge,bridge 431,21.7299993,92.083833,0.181
N1,1000833,bridge,bridge 432,21.7296382,92.083833,0.039
N1,1000834,link,link 402,21.7290271,92.0838608,0.069
N1,1000835,bridge,bridge 433,21.7229438,92.0834719,0.689
N1,1000836,link,link 403,21.7215549,92.0830827,0.163
N1,1000837,link,link 404,21.7204716,92.0822493,0.148
N1,1000838,bridge,bridge 434,21.7169438,92.0824993,0.42
N1,1000839,link,link 405,21.7120833,92.0821104,0.613
N1,1000840,bridge,bridge 435,21.7080278,92.0800549,0.527
N1,1000841,link,link 406,21.7040556,92.0788604,0.489
N1,1000842,bridge,bridge 436,21.7013611,92.0783882,0.31
N1,1000843,link,link 407,21.6957497,92.0805827,0.698
N1,1000844,link,link 408,21.6868608,92.0800827,1.012
N1,1000845,link,link 409,21.678416,92.0770827,1.0
N1,1000846,bridge,bridge 437,21.6747493,92.0766104,0.417
N1,1000847,bridge,bridge 438,21.6742216,92.0765549,0.062
N1,1000848,bridge,bridge 439,21.6704438,92.0762771,0.423
N1,1000849,link,link 410,21.6695549,92.0760549,0.034
N1,1000850,link,link 411,21.6688327,92.0759438,0.096
N1,1000851,bridge,bridge 440,21.6618889,92.074916,0.766
N1,1000852,link,link 412,21.6606111,92.0750827,0.143
N1,1000853,bridge,bridge 441,21.6590556,92.0751382,0.176
N1,1000854,bridge,bridge 442,21.653,92.0751382,0.056
N1,1000855,link,link 413,21.6518056,92.0737771,0.784
N1,1000856,bridge,bridge 443,21.6497219,92.0733049,0.237
N1,1000857,bridge,bridge 444,21.6491941,92.0733049,0.062
N1,1000858,bridge,bridge 445,21.649083,92.0733049,0.018
N1,1000859,bridge,bridge 446,21.6468052,92.0733604,0.251
N1,1000860,link,link 414,21.6428608,92.0732216,0.447
N1,1000861,link,link 415,21.634833,92.0770271,1.018
N1,1000862,link,link 416,21.6259716,92.0773882,1.028
N1,1000863,bridge,bridge 447,21.6213604,92.0724438,0.734
N1,1000864,link,link 417,21.6197771,92.0705271,0.266
N1,1000865,bridge,bridge 448,21.617166,92.0679993,0.399
N1,1000866,bridge,bridge 449,21.6167771,92.0678049,0.051
N1,1000867,link,link 418,21.6150556,92.0667771,0.059
N1,1000868,link,link 419,21.61225,92.0652222,0.115
N1,1000869,bridge,bridge 450,21.610086825,92.06399479375,0.14
N1,1000870,bridge,bridge 451,21.6073056,92.0624167,0.18
N1,1000871,link,link 420,21.6039167,92.0619444,0.797
N1,1000872,bridge,bridge 452,21.603029505025123,92.061920540201,0.057
N1,1000873,bridge,bridge 453,21.5977219,92.0617778,0.341
N1,1000874,link,link 421,21.5951108,92.0611944,0.602
N1,1000875,bridge,bridge 454,21.59379884019608,92.06161870980392,0.082
N1,1000876,bridge,bridge 455,21.588583,92.0633056,0.326
N1,1000877,link,link 422,21.5875274,92.0650278,0.504
N1,1000878,bridge,bridge 456,21.5861941,92.0650278,0.1
N1,1000879,bridge,bridge 457,21.584833,92.0652222,0.168
N1,1000880,link,link 423,21.5791938,92.0668049,0.731
N1,1000881,bridge,bridge 458,21.5769993,92.0697216,0.129
N1,1000882,link,link 424,21.5717216,92.0718049,0.841
N1,1000883,bridge,bridge 459,21.564,92.0702493,0.694
N1,1000884,link,link 425,21.5629444,92.0700271,0.326
N1,1000885,bridge,bridge 460,21.5618056,92.0696382,0.135
N1,1000886,bridge,bridge 461,21.5608333,92.0692771,0.121
N1,1000887,link,link 426,21.5555,92.0679716,0.746
N1,1000888,bridge,bridge 462,21.5553056,92.067916,0.196
N1,1000889,bridge,bridge 463,21.5548889,92.0678049,0.052
N1,1000890,bridge,bridge 464,21.5484719,92.0670827,0.423
N1,1000891,bridge,bridge 465,21.548083,92.0670271,0.046
N1,1000892,link,link 427,21.546583,92.0668327,0.183
N1,1000893,link,link 428,21.538333,92.0639722,0.887
N1,1000894,link,link 429,21.5294993,92.0650278,1.016
N1,1000895,bridge,bridge 466,21.5283049,92.0650833,0.033
N1,1000896,bridge,bridge 467,21.5264716,92.0651944,0.212
N1,1000897,bridge,bridge 468,21.5234716,92.0656111,0.344
N1,1000898,bridge,bridge 469,21.5233049,92.0656389,0.02
N1,1000899,bridge,bridge 470,21.5220827,92.0658611,0.139
N1,1000900,link,link 430,21.520666,92.0661667,0.162
N1,1000901,bridge,bridge 471,21.5161111,92.068166,0.555
N1,1000902,bridge,bridge 472,21.5126944,92.0698604,0.424
N1,1000903,link,link 431,21.5125556,92.0699438,0.027
N1,1000904,bridge,bridge 473,21.5083889,92.0717493,0.512
N1,1000905,bridge,bridge 474,21.5069722,92.072916,0.204
N1,1000906,link,link 432,21.505,92.0745549,0.284
N1,1000907,bridge,bridge 475,21.4974719,92.0765549,0.911
N1,1000908,link,link 433,21.4968608,92.0769438,0.089
N1,1000909,bridge,bridge 476,21.4964441,92.077166,0.048
N1,1000910,link,link 434,21.4901941,92.0818049,0.905
N1,1000911,link,link 435,21.4870274,92.0898052,0.986
N1,1000912,bridge,bridge 477,21.4851386,92.091333,0.274
N1,1000913,link,link 436,21.4793604,92.0938886,0.7
N1,1000914,bridge,bridge 478,21.4767771,92.0957497,0.358
N1,1000915,bridge,bridge 479,21.4750549,92.0971663,0.25
N1,1000916,link,link 437,21.4713604,92.0997497,0.522
N1,1000917,bridge,bridge 480,21.4712216,92.0998886,0.021
N1,1000918,bridge,bridge 481,21.4708049,92.1002222,0.059
N1,1000919,bridge,bridge 482,21.4667216,92.1025,0.534
N1,1000920,link,link 438,21.4635833,92.1029167,0.367
N1,1000921,link,link 439,21.4564722,92.1038056,0.969
N1,1000922,bridge,bridge 483,21.4545,92.10075,0.38
N1,1000923,bridge,bridge 484,21.4512778,92.0994441,0.422
N1,1000924,link,link 440,21.4496108,92.0994997,0.222
N1,1000925,link,link 441,21.4494719,92.0995274,0.057
N1,1000926,bridge,bridge 485,21.443833,92.1014167,0.598
N1,1000927,bridge,bridge 486,21.4421663,92.1008611,0.224
N1,1000928,bridge,bridge 487,21.4417497,92.1006667,0.056
N1,1000929,link,link 442,21.4413608,92.1003611,0.062
N1,1000930,bridge,bridge 488,21.4375552,92.0984997,0.467
N1,1000931,bridge,bridge 489,21.434583,92.0973886,0.344
N1,1000932,link,link 443,21.4334441,92.0969997,0.149
N1,1000933,bridge,bridge 490,21.4310271,92.0961941,0.285
N1,1000934,bridge,bridge 491,21.4290271,92.0954997,0.229
N1,1000935,link,link 444,21.4284993,92.0951941,0.079
N1,1000936,bridge,bridge 492,21.4283604,92.0941663,0.113
N1,1000937,link,link 445,21.4281104,92.0914719,0.284
N1,1000938,bridge,bridge 493,21.427916,92.0896108,0.191
N1,1000939,bridge,bridge 494,21.4278882,92.0893886,0.025
N1,1000940,bridge,bridge 495,21.4271104,92.084083,0.561
N1,1000941,link,link 446,21.4269716,92.0821104,0.207
N1,1000942,bridge,bridge 496,21.4267771,92.0804716,0.176
N1,1000943,bridge,bridge 497,21.4264716,92.0767771,0.384
N1,1000944,link,link 447,21.4267216,92.0730827,0.404
N1,1000945,bridge,bridge 498,21.427416,92.0707216,0.261
N1,1000946,link,link 448,21.4276938,92.0643611,0.739
N1,1000947,bridge,bridge 499,21.4270827,92.0632778,0.131
N1,1000948,bridge,bridge 500,21.4273327,92.0608333,0.263
N1,1000949,bridge,bridge 501,21.4278882,92.0576667,0.337
N1,1000950,bridge,bridge 502,21.4280549,92.0554167,0.238
N1,1000951,link,link 449,21.4280827,92.0551389,0.029
N1,1000952,bridge,bridge 503,21.4280549,92.0529444,0.232
N1,1000953,bridge,bridge 504,21.4274993,92.0484441,0.463
N1,1000954,bridge,bridge 505,21.4275271,92.0483886,0.018
N1,1000955,link,link 450,21.4287771,92.0461941,0.272
N1,1000956,bridge,bridge 506,21.4295549,92.044083,0.234
N1,1000957,bridge,bridge 507,21.4298049,92.0392774,0.5
N1,1000958,link,link 451,21.4296938,92.0368608,0.254
N1,1000959,bridge,bridge 508,21.4289716,92.0348608,0.224
N1,1000960,bridge,bridge 509,21.4294438,92.0316104,0.362
N1,1000961,bridge,bridge 510,21.4300827,92.0304716,0.141
N1,1000962,bridge,bridge 511,21.430416,92.0293049,0.133
N1,1000963,link,link 452,21.430166,92.0283604,0.106
N1,1000964,bridge,bridge 512,21.4298882,92.0279716,0.046
N1,1000965,bridge,bridge 513,21.4262493,92.0235827,0.613
N1,1000966,link,link 453,21.4258604,92.023166,0.065
N1,1000967,link,link 454,21.4258049,92.0232493,0.013
N1,1000968,bridge,bridge 514,21.4225549,92.0274438,0.582
N1,1000969,bridge,bridge 515,21.4220827,92.0278604,0.071
N1,1000970,link,link 455,21.4199716,92.0302493,0.326
N1,1000971,bridge,bridge 516,21.4191104,92.032416,0.266
N1,1000972,bridge,bridge 517,21.4165,92.0353052,0.449
N1,1000973,bridge,bridge 518,21.4156389,92.0367219,0.182
N1,1000974,link,link 456,21.4150556,92.037833,0.135
N1,1000975,bridge,bridge 519,21.4135833,92.0393886,0.235
N1,1000976,bridge,bridge 520,21.4120556,92.039583,0.367
N1,1000977,bridge,bridge 521,21.4115,92.0438052,0.172
N1,1000978,bridge,bridge 522,21.4111667,92.0441108,0.048
N1,1000979,bridge,bridge 523,21.4103056,92.0453052,0.163
N1,1000980,link,link 457,21.4101111,92.0458052,0.057
N1,1000981,bridge,bridge 524,21.41025,92.0480552,0.243
N1,1000982,bridge,bridge 525,21.4103333,92.0508333,0.325
N1,1000983,bridge,bridge 526,21.4094167,92.0531944,0.273
N1,1000984,link,link 458,21.4090833,92.05475,0.18
N1,1000985,bridge,bridge 527,21.4079722,92.056,0.21
N1,1000986,bridge,bridge 528,21.4067222,92.0570556,0.169
N1,1000987,bridge,bridge 529,21.4058611,92.0594167,0.293
N1,1000988,link,link 459,21.4040556,92.0619722,0.268
N1,1000989,bridge,bridge 530,21.4039167,92.0628333,0.157
N1,1000990,bridge,bridge 531,21.4008889,92.0658611,0.481
N1,1000991,bridge,bridge 532,21.3986941,92.0665556,0.263
N1,1000992,bridge,bridge 533,21.398583,92.0665833,0.015
N1,1000993,bridge,bridge 534,21.3971663,92.0668882,0.166
N1,1000994,link,link 460,21.3969719,92.066916,0.019
N1,1000995,bridge,bridge 535,21.393333,92.068166,0.435
N1,1000996,bridge,bridge 536,21.3891108,92.0686938,0.484
N1,1000997,bridge,bridge 537,21.3889441,92.0688049,0.018
N1,1000998,link,link 461,21.3885274,92.0692771,0.057
N1,1000999,bridge,bridge 538,21.3873052,92.0697771,0.148
N1,1001000,bridge,bridge 539,21.3858886,92.0704438,0.176
N1,1001001,bridge,bridge 540,21.384583,92.0704993,0.153
N1,1001002,bridge,bridge 541,21.3839441,92.0705827,0.076
N1,1001003,bridge,bridge 542,21.3826938,92.0710271,0.152
N1,1001004,bridge,bridge 543,21.3813049,92.0710827,0.168
N1,1001005,bridge,bridge 544,21.3811104,92.0710827,0.03
N1,1001006,link,link 462,21.3796104,92.0706104,0.179
N1,1001007,bridge,bridge 545,21.378916,92.0703327,0.091
N1,1001008,bridge,bridge 546,21.3775827,92.0703604,0.154
N1,1001009,bridge,bridge 547,21.3773882,92.0706104,0.039
N1,1001010,bridge,bridge 548,21.3762216,92.0718049,0.182
N1,1001011,bridge,bridge 549,21.3752493,92.0727771,0.165
N1,1001012,bridge,bridge 550,21.3747771,92.0734993,0.115
N1,1001013,bridge,bridge 551,21.3745549,92.0739716,0.065
N1,1001014,bridge,bridge 552,21.3742493,92.0755271,0.173
N1,1001015,link,link 463,21.3742493,92.0756938,0.016
N1,1001016,bridge,bridge 553,21.3736938,92.0768327,0.158
N1,1001017,bridge,bridge 554,21.3731938,92.0773327,0.083
N1,1001018,bridge,bridge 555,21.3714993,92.0785549,0.229
N1,1001019,bridge,bridge 556,21.3698327,92.0796104,0.206
N1,1001020,bridge,bridge 557,21.3678882,92.0803327,0.262
N1,1001021,bridge,bridge 558,21.3669438,92.0807771,0.134
N1,1001022,link,link 464,21.3662778,92.0810549,0.084
N1,1001023,bridge,bridge 559,21.3657222,92.0812771,0.064
N1,1001024,bridge,bridge 560,21.3644167,92.081416,0.151
N1,1001025,bridge,bridge 561,21.3615,92.0806382,0.341
N1,1001026,bridge,bridge 562,21.3580833,92.0790271,0.428
N1,1001027,link,link 465,21.35775,92.0790271,0.044
N1,1001028,bridge,bridge 563,21.3571944,92.0791104,0.064
N1,1001029,bridge,bridge 564,21.3563333,92.0790827,0.096
N1,1001030,bridge,bridge 565,21.35525,92.0790827,0.125
N1,1001031,bridge,bridge 566,21.3526667,92.0783327,0.305
N1,1001032,link,link 466,21.3490552,92.0784716,0.417
N1,1001033,bridge,bridge 567,21.3463608,92.0790271,0.312
N1,1001034,bridge,bridge 568,21.3461386,92.0789993,0.026
N1,1001035,bridge,bridge 569,21.3414997,92.0788327,0.535
N1,1001036,link,link 467,21.3404997,92.0784993,0.123
N1,1001037,bridge,bridge 570,21.3381941,92.078916,0.268
N1,1001038,bridge,bridge 571,21.3324716,92.0790827,0.657
N1,1001039,link,link 468,21.3311104,92.0788604,0.164
N1,1001040,bridge,bridge 572,21.3297771,92.0787771,0.158
N1,1001041,bridge,bridge 573,21.3295271,92.0789438,0.032
N1,1001042,link,link 469,21.324666,92.084583,0.829
N1,1001043,bridge,bridge 574,21.3241104,92.085333,0.106
N1,1001044,bridge,bridge 575,21.3238049,92.0857219,0.055
N1,1001045,bridge,bridge 576,21.3207493,92.0893052,0.51
N1,1001046,link,link 470,21.3187493,92.0916108,0.337
N1,1001047,bridge,bridge 577,21.3179438,92.0921663,0.115
N1,1001048,bridge,bridge 578,21.3177771,92.0922497,0.02
N1,1001049,link,link 471,21.317666,92.0930274,0.082
N1,1001050,bridge,bridge 579,21.3125,92.096333,0.713
N1,1001051,bridge,bridge 580,21.3121944,92.0966941,0.052
N1,1001052,link,link 472,21.3120278,92.0969163,0.024
N1,1001053,link,link 473,21.3101667,92.0974997,0.22
N1,1001054,bridge,bridge 581,21.3039722,92.0967497,0.76
N1,1001055,link,link 474,21.3037778,92.0968052,0.023
N1,1001056,bridge,bridge 582,21.2989441,92.0976108,0.555
N1,1001057,bridge,bridge 583,21.2956386,92.0993886,0.426
N1,1001058,bridge,bridge 584,21.2949997,92.0993886,0.074
N1,1001059,link,link 475,21.2949163,92.0994163,0.008
N1,1001060,link,link 476,21.2863608,92.1001667,0.964
N1,1001061,bridge,bridge 585,21.2839441,92.1005278,0.275
N1,1001062,bridge,bridge 586,21.282777512080536,92.10067986442952,0.136
N1,1001063,bridge,bridge 587,21.282666,92.1006944,0.013
N1,1001064,bridge,bridge 588,21.2790827,92.1019722,0.428
N1,1001065,link,link 477,21.277666,92.1026111,0.168
N1,1001066,link,link 478,21.2695827,92.1066111,0.996
N1,1001067,bridge,bridge 589,21.2694716,92.1066667,0.015
N1,1001068,bridge,bridge 590,21.2678604,92.1088333,0.292
N1,1001069,bridge,bridge 591,21.2677493,92.109,0.026
N1,1001070,bridge,bridge 592,21.2646111,92.1134444,0.581
N1,1001071,link,link 479,21.2641111,92.1140833,0.09
N1,1001072,bridge,bridge 593,21.2639722,92.1141944,0.014
N1,1001073,bridge,bridge 594,21.2637222,92.1144722,0.045
N1,1001074,bridge,bridge 595,21.2623611,92.1161667,0.234
N1,1001075,bridge,bridge 596,21.26225,92.1163056,0.018
N1,1001076,link,link 480,21.2580278,92.1214438,0.715
N1,1001077,bridge,bridge 597,21.2565556,92.122916,0.224
N1,1001078,bridge,bridge 598,21.2565,92.1229716,0.013
N1,1001079,bridge,bridge 599,21.2550278,92.1245827,0.239
N1,1001080,bridge,bridge 600,21.2537778,92.1266382,0.25
N1,1001081,link,link 481,21.2521944,92.1286104,0.276
N1,1001082,bridge,bridge 601,21.2521111,92.1287493,0.017
N1,1001083,bridge,bridge 602,21.2504722,92.1307493,0.12
N1,1001084,bridge,bridge 603,21.2504167,92.1307493,0.09
N1,1001085,bridge,bridge 604,21.248083,92.1341108,0.781
N1,1001086,bridge,bridge 605,21.2479997,92.1342219,0.013
N1,1001087,link,link 482,21.2462219,92.1364719,0.041
N1,1001088,link,link 483,21.2447497,92.1389441,0.3
N1,1001089,bridge,bridge 606,21.242333,92.1413608,0.383
N1,1001090,bridge,bridge 607,21.2422219,92.1415552,0.022
N1,1001091,link,link 484,21.2412497,92.1440552,0.302
N1,1001092,link,link 485,21.2357774,92.1511667,0.98
N1,1001093,link,link 486,21.236333,92.1586667,0.998
N1,1001094,link,link 487,21.2283604,92.1617222,1.01
N1,1001095,bridge,bridge 608,21.2261382,92.1611667,0.265
N1,1001096,bridge,bridge 609,21.2243327,92.1614444,0.209
N1,1001097,link,link 488,21.2198049,92.1618611,0.528
N1,1001098,bridge,bridge 610,21.2165556,92.1626944,0.4
N1,1001099,bridge,bridge 611,21.2152778,92.1649722,0.303
N1,1001100,bridge,bridge 612,21.2142778,92.166666,0.196
N1,1001101,link,link 489,21.21375,92.1674438,0.106
N1,1001102,bridge,bridge 613,21.2127222,92.1678882,0.128
N1,1001103,bridge,bridge 614,21.2105833,92.1681382,0.244
N1,1001104,bridge,bridge 615,21.2096944,92.168416,0.1
N1,1001105,link,link 490,21.2056389,92.1703327,0.536
N1,1001106,bridge,bridge 616,21.2011389,92.170416,0.527
N1,1001107,bridge,bridge 617,21.1989997,92.1703604,0.248
N1,1001108,link,link 491,21.1977219,92.1705549,0.125
N1,1001109,link,link 492,21.1969441,92.1707493,0.113
N1,1001110,bridge,bridge 618,21.1965552,92.1708604,0.047
N1,1001111,bridge,bridge 619,21.1925552,92.1697216,0.484
N1,1001112,bridge,bridge 620,21.1923052,92.1695271,0.042
N1,1001113,bridge,bridge 621,21.1906108,92.167916,0.261
N1,1001114,link,link 493,21.1897497,92.166666,0.173
N1,1001115,bridge,bridge 622,21.1866386,92.1638056,0.457
N1,1001116,bridge,bridge 623,21.1859441,92.1610833,0.313
N1,1001117,bridge,bridge 624,21.185833,92.1609167,0.023
N1,1001118,link,link 494,21.1843052,92.1594167,0.233
N1,1001119,bridge,bridge 625,21.178666,92.1574722,0.699
N1,1001120,link,link 495,21.1761938,92.1566111,0.291
N1,1001121,bridge,bridge 626,21.1742771,92.1557222,0.243
N1,1001122,bridge,bridge 627,21.1718327,92.1551389,0.282
N1,1001123,bridge,bridge 628,21.1698049,92.1545833,0.243
N1,1001124,bridge,bridge 629,21.1694993,92.1543056,0.048
N1,1001125,bridge,bridge 630,21.168416,92.1532778,0.155
N1,1001126,link,link 496,21.1677216,92.1527778,0.11
N1,1001127,bridge,bridge 631,21.1673327,92.1524167,0.065
N1,1001128,bridge,bridge 632,21.1652222,92.1521667,0.253
N1,1001129,bridge,bridge 633,21.1649444,92.1521944,0.032
N1,1001130,bridge,bridge 634,21.16325,92.1522222,0.195
N1,1001131,bridge,bridge 635,21.1624722,92.1522778,0.089
N1,1001132,bridge,bridge 636,21.1604167,92.1525,0.236
N1,1001133,link,link 497,21.1595,92.1526111,0.108
N1,1001134,bridge,bridge 637,21.1593056,92.1526111,0.021
N1,1001135,bridge,bridge 638,21.1586667,92.1525,0.073
N1,1001136,bridge,bridge 639,21.1556389,92.1527778,0.355
N1,1001137,bridge,bridge 640,21.1537778,92.1528611,0.217
N1,1001138,bridge,bridge 641,21.1521944,92.1535278,0.212
N1,1001139,link,link 498,21.1507222,92.1545,0.198
N1,1001140,bridge,bridge 642,21.147333,92.1574167,0.538
N1,1001141,bridge,bridge 643,21.1442774,92.1586389,0.369
N1,1001142,bridge,bridge 644,21.1441663,92.1586944,0.019
N1,1001143,link,link 499,21.1435274,92.1589722,0.081
N1,1001144,bridge,bridge 645,21.1414997,92.1599167,0.248
N1,1001145,bridge,bridge 646,21.1410552,92.1602222,0.061
N1,1001146,bridge,bridge 647,21.1381108,92.1648611,0.603
N1,1001147,link,link 500,21.1379719,92.1659167,0.116
N1,1001148,bridge,bridge 648,21.137833,92.1671104,0.123
N1,1001149,bridge,bridge 649,21.1375552,92.1683049,0.131
N1,1001150,bridge,bridge 650,21.1372219,92.1708882,0.271
N1,1001151,bridge,bridge 651,21.1371108,92.1727771,0.2
N1,1001152,bridge,bridge 652,21.1368886,92.173916,0.12
N1,1001153,bridge,bridge 653,21.1367219,92.1741382,0.03
N1,1001154,link,link 501,21.1363886,92.1752493,0.128
N1,1001155,bridge,bridge 654,21.1363608,92.1755549,0.032
N1,1001156,bridge,bridge 655,21.1353886,92.1770827,0.213
N1,1001157,bridge,bridge 656,21.1333886,92.1806938,0.494
N1,1001158,bridge,bridge 657,21.1333608,92.1808327,0.017
N1,1001159,bridge,bridge 658,21.1329438,92.1824438,0.176
N1,1001160,link,link 502,21.1326938,92.183333,0.097
N1,1001161,bridge,bridge 659,21.1319716,92.1846108,0.16
N1,1001162,bridge,bridge 660,21.1309716,92.1856941,0.174
N1,1001163,link,link 503,21.1269438,92.1902219,0.666
N1,1001164,bridge,bridge 661,21.1268327,92.1902774,0.012
N1,1001165,bridge,bridge 662,21.1242771,92.1918886,0.337
N1,1001166,bridge,bridge 663,21.1239993,92.1919997,0.041
N1,1001167,bridge,bridge 664,21.1229993,92.1926663,0.134
N1,1001168,bridge,bridge 665,21.122166,92.1931941,0.113
N1,1001169,bridge,bridge 666,21.1214993,92.1935552,0.085
N1,1001170,link,link 504,21.1198604,92.1954719,0.283
N1,1001171,bridge,bridge 667,21.1190827,92.1960274,0.111
N1,1001172,bridge,bridge 668,21.1175827,92.1966663,0.193
N1,1001173,bridge,bridge 669,21.1165,92.1969163,0.127
N1,1001174,bridge,bridge 670,21.1161389,92.1969997,0.051
N1,1001175,link,link 505,21.1158333,92.1971386,0.039
N1,1001176,bridge,bridge 671,21.1151667,92.1975552,0.087
N1,1001177,bridge,bridge 672,21.1146111,92.1979719,0.078
N1,1001178,link,link 506,21.1121111,92.2002778,0.377
N1,1001179,bridge,bridge 673,21.1118611,92.2006389,0.047
N1,1001180,bridge,bridge 674,21.1090556,92.2045278,0.315
N1,1001181,bridge,bridge 675,21.1078333,92.2058611,0.43
N1,1001182,bridge,bridge 676,21.1078333,92.2069444,0.198
N1,1001183,link,link 507,21.1058333,92.20725,0.07
N1,1001184,bridge,bridge 677,21.1053611,92.2073889,0.064
N1,1001185,bridge,bridge 678,21.1043611,92.2075278,0.12
N1,1001186,bridge,bridge 679,21.1026389,92.2077778,0.207
N1,1001187,bridge,bridge 680,21.1012778,92.2081389,0.172
N1,1001188,bridge,bridge 681,21.0996386,92.2091667,0.22
N1,1001189,link,link 508,21.0975552,92.2105,0.285
N1,1001190,bridge,bridge 682,21.097333,92.2106111,0.028
N1,1001191,bridge,bridge 683,21.0939441,92.2118611,0.399
N1,1001192,bridge,bridge 684,21.0936663,92.2119444,0.036
N1,1001193,bridge,bridge 685,21.0923052,92.2123333,0.158
N1,1001194,bridge,bridge 686,21.090333,92.2129444,0.235
N1,1001195,link,link 509,21.0891941,92.2135,0.144
N1,1001196,bridge,bridge 687,21.0864997,92.2151111,0.346
N1,1001197,bridge,bridge 688,21.0859441,92.2153889,0.068
N1,1001198,bridge,bridge 689,21.0838608,92.2161111,0.253
N1,1001199,link,link 510,21.0811104,92.2169438,0.333
N1,1001200,bridge,bridge 690,21.0803049,92.2174993,0.105
N1,1001201,bridge,bridge 691,21.0783327,92.2186382,0.261
N1,1001202,bridge,bridge 692,21.077916,92.2189993,0.059
N1,1001203,bridge,bridge 693,21.0765549,92.2209993,0.26
N1,1001204,bridge,bridge 694,21.0745271,92.2220549,0.259
N1,1001205,link,link 511,21.0735271,92.2226104,0.146
N1,1001206,bridge,bridge 695,21.0728327,92.2232216,0.11
N1,1001207,bridge,bridge 696,21.071666,92.2242216,0.182
N1,1001208,bridge,bridge 697,21.0691104,92.2246382,0.312
N1,1001209,bridge,bridge 698,21.0668882,92.2246104,0.25
N1,1001210,link,link 512,21.0655833,92.2245549,0.146
N1,1001211,bridge,bridge 699,21.0650556,92.2245271,0.078
N1,1001212,bridge,bridge 700,21.063,92.2254993,0.261
N1,1001213,bridge,bridge 701,21.0615556,92.2262771,0.188
N1,1001214,bridge,bridge 702,21.0597778,92.2263882,0.204
N1,1001215,bridge,bridge 703,21.0596667,92.2263882,0.015
N1,1001216,link,link 513,21.0565833,92.2266104,0.342
N1,1001217,bridge,bridge 704,21.0549722,92.2268049,0.184
N1,1001218,bridge,bridge 705,21.0513611,92.2302493,0.648
N1,1001219,bridge,bridge 706,21.0513611,92.2305827,0.038
N1,1001220,link,link 514,21.0513056,92.2317493,0.125
N1,1001221,bridge,bridge 707,21.0512778,92.2323327,0.064
N1,1001222,bridge,bridge 708,21.0507222,92.2338608,0.189
N1,1001223,bridge,bridge 709,21.0479441,92.2346386,0.328
N1,1001224,bridge,bridge 710,21.0446941,92.2356941,0.381
N1,1001225,link,link 515,21.0439163,92.2359441,0.087
N1,1001226,bridge,bridge 711,21.0407497,92.2374997,0.397
N1,1001227,bridge,bridge 712,21.0363608,92.2396941,0.54
N1,1001228,bridge,bridge 713,21.0360552,92.2398608,0.041
N1,1001229,link,link 516,21.0338608,92.2407774,0.271
N1,1001230,bridge,bridge 714,21.0321104,92.241083,0.203
N1,1001231,bridge,bridge 715,21.0300549,92.2413608,0.233
N1,1001232,bridge,bridge 716,21.0269438,92.2416941,0.354
N1,1001233,link,link 517,21.0249993,92.2418608,0.209
N1,1001234,bridge,bridge 717,21.0228882,92.2420274,0.244
N1,1001235,bridge,bridge 718,21.0226104,92.2420552,0.035
N1,1001236,link,link 518,21.0186104,92.2431386,0.484
N1,1001237,bridge,bridge 719,21.0169993,92.2440274,0.207
N1,1001238,bridge,bridge 720,21.0150833,92.245333,0.256
N1,1001239,link,link 519,21.0107222,92.2487219,0.607
N1,1001240,bridge,bridge 721,21.0101389,92.2492497,0.091
N1,1001241,bridge,bridge 722,21.0078889,92.251,0.316
N1,1001242,bridge,bridge 723,21.0064444,92.2520833,0.201
N1,1001243,link,link 520,21.0029444,92.2531944,0.424
N1,1001244,bridge,bridge 724,20.9990274,92.2537778,0.445
N1,1001245,bridge,bridge 725,20.9986386,92.2538889,0.05
N1,1001246,bridge,bridge 726,20.9942497,92.2545278,0.503
N1,1001247,link,link 521,20.9940274,92.2546111,0.034
N1,1001248,bridge,bridge 727,20.9875274,92.2545556,0.742
N1,1001249,link,link 522,20.9852774,92.2536389,0.277
N1,1001250,bridge,bridge 728,20.9778049,92.25075,0.892
N1,1001251,bridge,bridge 729,20.9775827,92.2506111,0.032
N1,1001252,link,link 523,20.9769438,92.2502222,0.076
N1,1001253,bridge,bridge 730,20.9697216,92.2485552,0.861
N1,1001254,link,link 524,20.9682771,92.2488052,0.174
N1,1001255,bridge,bridge 731,20.9673604,92.2491663,0.119
N1,1001256,bridge,bridge 732,20.9671104,92.2494441,0.042
N1,1001257,bridge,bridge 733,20.9648611,92.2515278,0.337
N1,1001258,bridge,bridge 734,20.9622778,92.2528889,0.323
N1,1001259,bridge,bridge 735,20.9620556,92.2530556,0.031
N1,1001260,link,link 525,20.9606389,92.2535,0.168
N1,1001261,bridge,bridge 736,20.9580833,92.2543056,0.302
N1,1001262,bridge,bridge 737,20.9566667,92.2548056,0.17
N1,1001263,bridge,bridge 738,20.9538889,92.2559722,0.336
N1,1001264,bridge,bridge 739,20.9531667,92.2562778,0.093
N1,1001265,bridge,bridge 740,20.95225,92.2566111,0.12
N1,1001266,link,link 526,20.9521667,92.2566944,0.016
N1,1001267,bridge,bridge 741,20.94957125079681,92.25817740896414,0.335
N1,1001268,bridge,bridge 742,20.9482774,92.2589167,0.167
N1,1001269,bridge,bridge 743,20.9481386,92.2593056,0.046
N1,1001270,bridge,bridge 744,20.9459163,92.2603333,0.33
N1,1001271,link,link 527,20.9445552,92.2603333,0.187
N1,1001272,bridge,bridge 745,20.9436941,92.2603056,0.099
N1,1001273,bridge,bridge 746,20.9373886,92.2623333,0.752
N1,1001274,bridge,bridge 747,20.9371108,92.2624722,0.04
N1,1001275,link,link 528,20.9361663,92.2628611,0.109
N1,1001276,bridge,bridge 748,20.9361108,92.2628611,0.012
N1,1001277,bridge,bridge 749,20.9346663,92.2631667,0.166
N1,1001278,bridge,bridge 750,20.934333,92.26325,0.04
N1,1001279,bridge,bridge 751,20.9330549,92.2635,0.15
N1,1001280,bridge,bridge 752,20.929666,92.2641111,0.388
N1,1001281,bridge,bridge 753,20.9293327,92.2641389,0.037
N1,1001282,link,link 529,20.9270827,92.2644444,0.256
N1,1001283,bridge,bridge 754,20.9238882,92.2653889,0.381
N1,1001284,bridge,bridge 755,20.9234993,92.2656111,0.051
N1,1001285,bridge,bridge 756,20.9195827,92.268416,0.53
N1,1001286,bridge,bridge 757,20.9194993,92.2684716,0.017
N1,1001287,bridge,bridge 758,20.9189993,92.2686382,0.055
N1,1001288,link,link 530,20.9187771,92.2687771,0.03
N1,1001289,bridge,bridge 759,20.9176382,92.2692493,0.14
N1,1001290,bridge,bridge 760,20.9157222,92.2704993,0.255
N1,1001291,bridge,bridge 761,20.9154167,92.2706938,0.038
N1,1001292,bridge,bridge 762,20.9136389,92.2718604,0.232
N1,1001293,bridge,bridge 763,20.9132778,92.2721938,0.083
N1,1001294,bridge,bridge 764,20.9123889,92.2729716,0.118
N1,1001295,link,link 531,20.9122222,92.2729438,0.026
N1,1001296,bridge,bridge 765,20.9088889,92.275166,0.446
N1,1001297,bridge,bridge 766,20.9085556,92.2753604,0.047
N1,1001298,bridge,bridge 767,20.90675,92.2764993,0.238
N1,1001299,bridge,bridge 768,20.9059444,92.2771104,0.123
N1,1001300,link,link 532,20.9048333,92.277916,0.146
N1,1001301,bridge,bridge 769,20.9047222,92.2779716,0.017
N1,1001302,bridge,bridge 770,20.9033333,92.2789438,0.194
N1,1001303,bridge,bridge 771,20.9027222,92.279416,0.103
N1,1001304,bridge,bridge 772,20.9003333,92.2807216,0.311
N1,1001305,bridge,bridge 773,20.9001111,92.2809716,0.036
N1,1001306,bridge,bridge 774,20.8994441,92.2817216,0.113
N1,1001307,bridge,bridge 775,20.8984719,92.2828604,0.164
N1,1001308,bridge,bridge 776,20.8982219,92.283166,0.047
N1,1001309,link,link 533,20.8981108,92.2832493,0.015
N1,1001310,bridge,bridge 777,20.8980274,92.283333,0.022
N1,1001311,bridge,bridge 778,20.8977497,92.2836941,0.053
N1,1001312,bridge,bridge 779,20.8969163,92.2854441,0.21
N1,1001313,bridge,bridge 780,20.8967774,92.2857219,0.033
N1,1001314,bridge,bridge 781,20.8965552,92.286083,0.047
N1,1001315,bridge,bridge 782,20.8953608,92.2877219,0.219
N1,1001316,bridge,bridge 783,20.8948052,92.2881941,0.084
N1,1001317,bridge,bridge 784,20.894083,92.2887774,0.103
N1,1001318,bridge,bridge 785,20.8939441,92.2889163,0.024
N1,1001319,bridge,bridge 786,20.8932774,92.2896386,0.105
N1,1001320,bridge,bridge 787,20.8927774,92.2901386,0.079
N1,1001321,link,link 534,20.8926386,92.2902774,0.021
N1,1001322,bridge,bridge 788,20.8919163,92.2916663,0.171
N1,1001323,bridge,bridge 789,20.8918886,92.2918052,0.02
N1,1001324,link,link 535,20.891833,92.2923052,0.056
N1,1001325,bridge,bridge 790,20.8889163,92.2982497,0.742
N1,1001326,bridge,bridge 791,20.888833,92.2983886,0.015
N1,1001327,link,link 536,20.8869441,92.2996386,0.258
N1,1001328,bridge,bridge 792,20.8858608,92.2991941,0.133
N1,1001329,bridge,bridge 793,20.8820271,92.2977774,0.474
N1,1001330,link,link 537,20.8782216,92.2977774,0.431
N1,1001331,bridge,bridge 794,20.8768604,92.2978886,0.163
N1,1001332,bridge,bridge 795,20.8764993,92.2978886,0.043
N1,1001333,link,link 538,20.8692771,92.2981386,0.794
N1,1001334,bridge,bridge 796,20.8688604,92.2982219,0.05
N1,1001335,bridge,bridge 797,20.8650278,92.2982497,0.428
N1,1001336,bridge,bridge 798,20.8646667,92.2981941,0.042
N1,1001337,link,link 539,20.8629722,92.298083,0.178
N1,1001338,sink,sink 1,20.8629167,92.298083,0.13
