road,base_link,link_name,start_chainage_km,end_chainage_km,length_km,heavy_truck,medium_truck,small_truck,total_AADT,truck_AADT
N1,N1-1,Jatrabari - Int.with Z1101 (Left) (Left),0.0,0.822,0.822,402.0,5842.0,1147.0,19357.0,7391.0
N1,N1-1,Jatrabari - Int.with Z1101 (Left) (Right),0.0,0.822,0.822,660.0,6155.0,1554.0,21537.0,8369.0
N1,N1-10,Bhaberchar(Int.with Z1063)-Daudkandi Bridge (Left) (Left),30.936,36.271,5.335,355.0,5314.0,1116.0,14822.0,6785.0
N1,N1-10,Bhaberchar(Int.with Z1063)-Daudkandi Bridge (Left) (Right),30.936,36.271,5.335,244.0,4999.0,1005.0,14551.0,6248.0
N1,N1-11,Daudkandi Bridge- Daudkandi Z1062 (Left),36.271,38.466,2.195,355.0,5314.0,1116.0,14822.0,6785.0
N1,N1-11,Daudkandi Bridge- Daudkandi Z1062 (Right),36.271,38.466,2.195,244.0,4999.0,1005.0,14551.0,6248.0
N1,N1-12,Daudkandi Z1062 - Pennai Z1053 (Left),38.466,45.388,6.922,348.0,4941.0,928.0,11681.0,6217.0
N1,N1-12,Daudkandi Z1062 - Pennai Z1053 (Right),38.466,45.388,6.922,359.0,4772.0,851.0,11583.0,5982.0
N1,N1-13,Pennai Z1053- Gouripur (Int.with Z1044) (Left),45.388,47.224,1.836,348.0,4941.0,928.0,11681.0,6217.0
N1,N1-13,Pennai Z1053- Gouripur (Int.with Z1044) (Right),45.388,47.224,1.836,359.0,4772.0,851.0,11583.0,5982.0
N1,N1-14,Gouripur (Int.with Z1044) - Eliotganj Z1042 (Left),47.224,55.477,8.253,359.0,4772.0,851.0,11583.0,5982.0
N1,N1-14,Gouripur (Int.with Z1044) - Eliotganj Z1042 (Right),47.224,55.477,8.253,348.0,4941.0,928.0,11681.0,6217.0
N1,N1-15,Eliotganj Z1042- Madhaya Z1017 (Left),55.477,62.278,6.801,348.0,4941.0,928.0,11681.0,6217.0
N1,N1-15,Eliotganj Z1042- Madhaya Z1017 (Right),55.477,62.278,6.801,359.0,4772.0,851.0,11583.0,5982.0
N1,N1-16,Madhaya Z1017 - Chandina Z1022 (Left),62.278,69.638,7.36,348.0,4941.0,928.0,11681.0,6217.0
N1,N1-16,Madhaya Z1017 - Chandina Z1022 (Right),62.278,69.638,7.36,359.0,4772.0,851.0,11583.0,5982.0
N1,N1-17,Chandina Z1022 - Nimsar (Int.with Z1219 & Z1028) (Left),69.638,75.589,5.951,308.0,5253.0,680.0,14002.0,6241.0
N1,N1-17,Chandina Z1022 - Nimsar (Int.with Z1219 & Z1028) (Right),69.638,75.589,5.951,336.0,5605.0,763.0,14213.0,6704.0
N1,N1-18,Nimsar (Int.with Z1219 & Z1028) - Mainamati N102 (Left),75.589,81.846,6.257,308.0,5253.0,680.0,14002.0,6241.0
N1,N1-18,Nimsar (Int.with Z1219 & Z1028) - Mainamati N102 (Right),75.589,81.846,6.257,336.0,5605.0,763.0,14213.0,6704.0
N1,N1-19,Mainamati N102- Int.with Z1029 (Left),81.846,85.897,4.051,308.0,5253.0,680.0,14002.0,6241.0
N1,N1-19,Mainamati N102- Int.with Z1029 (Right),81.846,85.897,4.051,336.0,5605.0,763.0,14213.0,6704.0
N1,N1-2,Int.with Z1101 - Signboard (Left) R111 (Left),0.822,4.175,3.353,660.0,6155.0,1554.0,21537.0,8369.0
N1,N1-2,Int.with Z1101 - Signboard (Left) R111 (Right),0.822,4.175,3.353,402.0,5842.0,1147.0,19357.0,7391.0
N1,N1-20,Int.with Z1029 - Int.with Z1052 (Left),85.897,87.366,1.469,308.0,5253.0,680.0,14002.0,6241.0
N1,N1-20,Int.with Z1029 - Int.with Z1052 (Right),85.897,87.366,1.469,336.0,5605.0,763.0,14213.0,6704.0
N1,N1-21,Int.with Z1052 - Changani (Kotbari) (Left),87.366,89.41,2.044,294.0,5781.0,770.0,12042.0,6845.0
N1,N1-21,Int.with Z1052 - Changani (Kotbari) (Right),87.366,89.41,2.044,321.0,5542.0,848.0,11956.0,6711.0
N1,N1-22,Changani (Kotbari) - Paduar Bazar Biswa Rd. R140 (Left),89.41,91.583,2.173,294.0,5781.0,770.0,12042.0,6845.0
N1,N1-22,Changani (Kotbari) - Paduar Bazar Biswa Rd. R140 (Right),89.41,91.583,2.173,321.0,5542.0,848.0,11956.0,6711.0
N1,N1-23,Paduar Bazar Biswa Rd. R140 - Miabazar Z1046 (Left),91.583,105.879,14.296,294.0,5781.0,770.0,12042.0,6845.0
N1,N1-23,Paduar Bazar Biswa Rd. R140 - Miabazar Z1046 (Right),91.583,105.879,14.296,321.0,5542.0,848.0,11956.0,6711.0
N1,N1-24,Miabazar Z1046 - Chauddagram(Int.with Z1045) (Left),105.879,119.698,13.819,294.0,5781.0,770.0,12042.0,6845.0
N1,N1-24,Miabazar Z1046 - Chauddagram(Int.with Z1045) (Right),105.879,119.698,13.819,321.0,5542.0,848.0,11956.0,6711.0
N1,N1-25,Chauddagram(Int.with Z1045)-Md. Ali bazar (Int.with Z1031) (Left),119.698,138.869,19.171,459.0,3515.0,726.0,8619.0,4700.0
N1,N1-25,Chauddagram(Int.with Z1045)-Md. Ali bazar (Int.with Z1031) (Right),119.698,138.869,19.171,398.0,3838.0,863.0,9026.0,5099.0
N1,N1-26,Md. Ali bazar (Int.with Z1031)-Int.with Z1031 (Left),138.869,140.251,1.382,459.0,3515.0,726.0,8619.0,4700.0
N1,N1-26,Md. Ali bazar (Int.with Z1031)-Int.with Z1031 (Right),138.869,140.251,1.382,398.0,3838.0,863.0,9026.0,5099.0
N1,N1-27,Int.with Z1031 - Elahiganj (Feni) Z1030 (Left),140.251,143.034,2.783,626.0,4617.0,1156.0,12496.0,6399.0
N1,N1-27,Int.with Z1031 - Elahiganj (Feni) Z1030 (Right),140.251,143.034,2.783,728.0,4991.0,1253.0,14584.0,6972.0
N1,N1-28,Elahiganj (Feni) Z1030- Feni (Int.with N104) (Left),143.034,145.409,2.375,728.0,4991.0,1253.0,14584.0,6972.0
N1,N1-28,Elahiganj (Feni) Z1030- Feni (Int.with N104) (Right),143.034,145.409,2.375,626.0,4617.0,1156.0,12496.0,6399.0
N1,N1-29,Feni (Int.with N104) - Feni Shahid Minar (Int.with Z1034) (Left),145.409,149.289,3.88,355.0,5555.0,1533.0,14006.0,7443.0
N1,N1-29,Feni (Int.with N104) - Feni Shahid Minar (Int.with Z1034) (Right),145.409,149.289,3.88,350.0,5976.0,1656.0,14847.0,7982.0
N1,N1-3,Signboard - Shimrail (Left)R110 (Left),4.175,7.181,3.006,91.0,2706.0,2184.0,17561.0,4981.0
N1,N1-3,Signboard - Shimrail (Left)R110 (Right),4.175,7.181,3.006,85.0,2544.0,2053.0,16657.0,4682.0
N1,N1-30,Feni Shahid Minar( Int.with Z1034)-Fazilpur (Z1081) (Left),149.289,157.685,8.396,393.0,4967.0,1201.0,11999.0,6561.0
N1,N1-30,Feni Shahid Minar( Int.with Z1034)-Fazilpur (Z1081) (Right),149.289,157.685,8.396,437.0,5132.0,981.0,11322.0,6550.0
N1,N1-31,Fazilpur Z1081 - Muhuriganj Z1032 (Left),157.685,161.582,3.897,355.0,5555.0,1533.0,14006.0,7443.0
N1,N1-31,Fazilpur Z1081 - Muhuriganj Z1032 (Right),157.685,161.582,3.897,350.0,5976.0,1656.0,14847.0,7982.0
N1,N1-32,Muhuriganj Z1032-Baraiyerhat R151 (Left),161.582,167.683,6.101,366.0,3877.0,1050.0,11964.0,5293.0
N1,N1-32,Muhuriganj Z1032-Baraiyerhat R151 (Right),161.582,167.683,6.101,376.0,4095.0,978.0,12098.0,5449.0
N1,N1-33,Baraiyerhat R151- Mirersarai Z1021 (Left),167.683,181.464,13.781,366.0,3877.0,1050.0,11964.0,5293.0
N1,N1-33,Baraiyerhat R151- Mirersarai Z1021 (Right),167.683,181.464,13.781,376.0,4095.0,978.0,12098.0,5449.0
N1,N1-34,Mirersarai Z1021 - Baroirdala Z1086 (Left),181.464,194.603,13.139,366.0,3877.0,1050.0,11964.0,5293.0
N1,N1-34,Mirersarai Z1021 - Baroirdala Z1086 (Right),181.464,194.603,13.139,376.0,4095.0,978.0,12098.0,5449.0
N1,N1-35,Baroirdala Z1086- Barabkunda Z1087 (Left),194.603,206.402,11.799,986.0,5219.0,1000.0,14903.0,7205.0
N1,N1-35,Baroirdala Z1086- Barabkunda Z1087 (Right),194.603,206.402,11.799,1217.0,5230.0,1456.0,15679.0,7903.0
N1,N1-36,Barabkunda Z1087-Fouzderhat Z1016 (Left),206.402,228.406,22.004,986.0,5219.0,1000.0,14903.0,7205.0
N1,N1-36,Barabkunda Z1087-Fouzderhat Z1016 (Right),206.402,228.406,22.004,1217.0,5230.0,1456.0,15679.0,7903.0
N1,N1-37,Fouzderhat Z1016 - Alonker Cinema Hall (Chittagong),228.406,232.754,4.348,21.0,1105.0,808.0,9550.0,1934.0
N1,N1-38,Chittagong (Badderhat)-Maizzertek int with Z1804,232.754,247.893,15.139,21.0,1105.0,808.0,9550.0,1934.0
N1,N1-39,Maizzertek Int with Z1804-Sikolbaha Int with Z1018,247.893,250.445,2.552,21.0,1105.0,808.0,9550.0,1934.0
N1,N1-4,Shimrail - Katchpur (Left)N2 (Left),7.181,8.763,1.582,174.0,2905.0,1360.0,17289.0,4439.0
N1,N1-4,Shimrail - Katchpur (Left)N2 (Right),7.181,8.763,1.582,153.0,2955.0,1566.0,18044.0,4674.0
N1,N1-40,Sikolbaha Int with Z1018-Santirhat Int. with Z1071,250.445,252.956,2.511,21.0,1105.0,808.0,9550.0,1934.0
N1,N1-41,Santirhat Int. with Z1071 - Int. with Z1070,252.956,255.725,2.769,21.0,1105.0,808.0,9550.0,1934.0
N1,N1-42,Int. with Z1070 - Mansertek(Int.with N107),255.725,256.809,1.084,30.0,1077.0,795.0,10115.0,1902.0
N1,N1-43,Mansertek(Int.with N107)- Patiya (Int.with Z1059),256.809,263.744,6.935,30.0,1077.0,795.0,10115.0,1902.0
N1,N1-44,Patiya (Int.with Z1059) - Patiya Dakbanglo (Int.with Z1057),263.744,264.07,0.326,24.0,1181.0,882.0,14826.0,2087.0
N1,N1-45,Patiya Dakbanglo (Int.with Z1057) - Patiya (Int.with Z1039),264.07,265.41,1.34,24.0,1181.0,882.0,14826.0,2087.0
N1,N1-46,Patiya (Int.with Z1039)-Khanhat Int.with Z1026,265.41,274.982,9.572,24.0,1181.0,882.0,14826.0,2087.0
N1,N1-47,Khanhat Int.with Z1026 - Hashimpur Z1036,274.982,278.013,3.031,23.0,786.0,1237.0,13742.0,2046.0
N1,N1-48,Hashimpur Z1036- Keranirhat N108,278.013,289.612,11.599,23.0,786.0,1237.0,13742.0,2046.0
N1,N1-49,Keranirhat N108 - Int.with Z1019,289.612,289.974,0.362,23.0,786.0,1237.0,13742.0,2046.0
N1,N1-5,Katchpur - Madanpur (Left)N105 (Left),8.763,11.936,3.173,174.0,4965.0,3478.0,23879.0,8617.0
N1,N1-5,Katchpur - Madanpur (Left)N105 (Right),8.763,11.936,3.173,153.0,4419.0,3221.0,24589.0,7793.0
N1,N1-50,"Int.with Z1019 - Lohagara, Bara Aulia (Int.with Z1013)",289.974,297.441,7.467,23.0,786.0,1237.0,13742.0,2046.0
N1,N1-51,"Lohagara, Bara Aulia (Int.with Z1013) - Chunati R171",297.441,307.582,10.141,42.0,2364.0,1215.0,12623.0,3621.0
N1,N1-52,Chunati R171 - Aziznagar Z1007,307.582,315.728,8.146,42.0,2364.0,1215.0,12623.0,3621.0
N1,N1-53,Aziznagar (Int.with Z1007)-Harbang (Int.with Z1124),315.728,316.356,0.628,42.0,2364.0,1215.0,12623.0,3621.0
N1,N1-54,Harbang (Int.with Z1124) - Ekatabazar Z1125,316.356,323.842,7.486,42.0,2364.0,1215.0,12623.0,3621.0
N1,N1-55,Ekatabazar Z1125 - Baraitali Int.with Z1002,323.842,327.188,3.346,44.0,774.0,249.0,6066.0,1067.0
N1,N1-56,Baraitali Int.with Z1002-Int.with Z1126,327.188,330.874,3.686,44.0,774.0,249.0,6066.0,1067.0
N1,N1-57,Int.with Z1126-Janatabazar (Int.with Z1127),330.874,332.066,1.192,44.0,774.0,249.0,6066.0,1067.0
N1,N1-58,Janatabazar (Int.with Z1127) - Chokoria R172,332.066,332.877,0.811,44.0,774.0,249.0,6066.0,1067.0
N1,N1-59,Chokoria R172 - Faishakhali Z1005,332.877,337.31,4.433,39.0,1009.0,549.0,12685.0,1597.0
N1,N1-6,Madanpur - Langalband (Left)Z1061 (Left),11.936,15.935,3.999,153.0,4419.0,3221.0,24589.0,7793.0
N1,N1-6,Madanpur - Langalband (Left)Z1061 (Right),11.936,15.935,3.999,174.0,4965.0,3478.0,23879.0,8617.0
N1,N1-60,Faishakhali Z1005- Dulahazra Z1130,337.31,343.559,6.249,35.0,595.0,159.0,4843.0,789.0
N1,N1-61,Dulahazra Z1130-Khutakhali Z1131,343.559,350.054,6.495,35.0,595.0,159.0,4843.0,789.0
N1,N1-62,Khutakhali Z1131 - Ramu (Int.with Z1001),350.054,370.982,20.928,35.0,595.0,159.0,4843.0,789.0
N1,N1-63,Ramu (Int.with Z1001)-Ramu Intersection N109,370.982,373.475,2.493,35.0,595.0,159.0,4843.0,789.0
N1,N1-64,Ramu Intersection N109 - Coxsbazar Link Road N110,373.475,381.481,8.006,35.0,595.0,159.0,4843.0,789.0
N1,N1-65,Coxsbazar Link Road N110-Maricha Z1009,381.481,398.205,16.724,24.0,455.0,137.0,5820.0,616.0
N1,N1-66,Maricha Z1009-Ukhia Dakbanglo Z1503,398.205,408.434,10.229,24.0,455.0,137.0,5820.0,616.0
N1,N1-67,Ukhia Dakbanglo Z1503 - Gundum Z1504,408.434,416.044,7.61,24.0,455.0,137.0,5820.0,616.0
N1,N1-68,GundumGundum Z1504 - Whykong Z1133,416.044,428.908,12.864,24.0,455.0,137.0,5820.0,616.0
N1,N1-69,Whykong Z1133 - Teknaf,428.908,462.254,33.346,24.0,455.0,137.0,5820.0,616.0
N1,N1-7,Langalband - Mograpara Chowrasta (Left)Z1089 (Left),15.935,20.044,4.109,153.0,4419.0,3221.0,24589.0,7793.0
N1,N1-7,Langalband - Mograpara Chowrasta (Left)Z1089 (Right),15.935,20.044,4.109,174.0,4965.0,3478.0,23879.0,8617.0
N1,N1-8,Mograpara(Int.with Z1089)-Meghna Bridge West End (Left) (Left),20.044,23.564,3.52,355.0,5314.0,1116.0,14822.0,6785.0
N1,N1-8,Mograpara(Int.with Z1089)-Meghna Bridge West End (Left) (Right),20.044,23.564,3.52,244.0,4999.0,1005.0,14551.0,6248.0
N1,N1-9,Meghna Bridge Satrt-Bhaberchar (Left) z1063 (Left),23.564,30.936,7.372,244.0,4999.0,1005.0,14551.0,6248.0
N1,N1-9,Meghna Bridge Satrt-Bhaberchar (Left) z1063 (Right),23.564,30.936,7.372,355.0,5314.0,1116.0,14822.0,6785.0
N2,N2-1,Katchpur-Tarabo (Int with R201),0.0,2.313,2.313,239.0,4475.0,1996.0,24659.0,6710.0
N2,N2-10,Narayanpur (Int.with Z2032)-Bhairab (Int.with R360),63.969,70.576,6.607,436.0,1971.0,896.0,11793.0,3303.0
N2,N2-11,Bhairab (Int.with R360)-Ashuganj (Int.with Z2031),70.576,73.533,2.957,436.0,1971.0,896.0,11793.0,3303.0
N2,N2-12,"Ashuganj (Int.with Z2031)-Kathirhat, Sarail (Int.with N102)",73.533,85.823,12.29,329.0,1465.0,1081.0,10615.0,2875.0
N2,N2-13,"Kathirhat, Sarail (Int.with N102)-Sarail (Int.with R220)",85.823,86.413,0.59,205.0,2203.0,596.0,11646.0,3004.0
N2,N2-14,Sarail (Int.with R220)-Jagadishpur(Int.with N204),86.413,116.294,29.881,205.0,2203.0,596.0,11646.0,3004.0
N2,N2-15,Jagadishpur(Int.with N204)-Shaistaganj (Int.with N204),116.294,141.309,25.015,270.0,1818.0,958.0,8203.0,3046.0
N2,N2-16,Shaistaganj (Int.with N204)-Mirpur (Int.with N207),141.309,145.961,4.652,206.0,4176.0,708.0,13265.0,5090.0
N2,N2-17,Mirpur (Int.with N207)-Auskandi (Int.with R240),145.961,181.657,35.696,338.0,1131.0,391.0,7492.0,1860.0
N2,N2-18,Auskandi (Int.with R240)-Auskandi (Int.with R241),181.657,185.77,4.113,338.0,1131.0,391.0,7492.0,1860.0
N2,N2-19,Auskandi (Int.with R241)-Sherpur (Int.with N207),185.77,190.892,5.122,321.0,669.0,504.0,7080.0,1494.0
N2,N2-2,Tarabo(Int with R 201)-Barpa(Int. with Z1090 LGED Road),2.313,6.076,3.763,227.0,4684.0,1904.0,17957.0,6815.0
N2,N2-20,Sherpur (Int.with N207)-Tajpur(Int.with Z2022),190.892,205.083,14.191,321.0,669.0,504.0,7080.0,1494.0
N2,N2-21,Tajpur(Int.with Z2022)-Rashidpur(Int.with Z2016),205.083,215.832,10.749,198.0,1089.0,529.0,11689.0,1816.0
N2,N2-22,Rashidpur(Int.with Z2016)-Int.with R283,215.832,224.044,8.212,198.0,1089.0,529.0,11689.0,1816.0
N2,N2-23,Int.with R283-Chandipole (Int.with Z2013),224.044,225.373,1.329,83.0,613.0,573.0,8580.0,1269.0
N2,N2-24,Chandipole (Int.with Z2013)-Mominkhola (Int.with N208),225.373,227.757,2.384,83.0,613.0,573.0,8580.0,1269.0
N2,N2-25,Mominkhola (Int.with N208)-Nayarpool(Int.with N206),227.757,229.888,2.131,83.0,613.0,573.0,8580.0,1269.0
N2,N2-26,Nayarpool(Int.with N206)-Int. with N210,229.888,237.923,8.035,466.0,1425.0,360.0,5560.0,2251.0
N2,N2-27,Int. with N210-Darbast(Int. with Z2011),237.923,262.122,24.199,466.0,1425.0,360.0,5560.0,2251.0
N2,N2-28,Darbast(Int. with Z2011)-Tamabil(Int.with N212),262.122,282.098,19.976,453.0,1322.0,435.0,5667.0,2210.0
N2,N2-29,Tamabil(Int.with N212)-Jaflong,282.098,286.516,4.418,462.0,1142.0,427.0,5240.0,2031.0
N2,N2-3,Barpa(Int. with Z1090 LGED Road)-Bhulta (Int.with R202),6.076,11.111,5.035,237.0,4415.0,1904.0,21346.0,6556.0
N2,N2-4,Bhulta (Int.with R202)-Bhulta (Int.with R203),11.111,11.977,0.866,237.0,4415.0,1904.0,21346.0,6556.0
N2,N2-5,Bhulta (Int.with R203)-Panchdona (Int.with R301),11.977,30.225,18.248,244.0,1432.0,1041.0,12603.0,2717.0
N2,N2-6,Panchdona-Shahepratap(Int.with R210),30.225,33.536,3.311,70.0,1743.0,976.0,13181.0,2789.0
N2,N2-7,Shahepratap(Int.with R210)-Itakhola(Int.with R211),33.536,43.097,9.561,70.0,1743.0,976.0,13181.0,2789.0
N2,N2-8,Itakhola-Morgal (Int.with Z2042),43.097,54.606,11.509,201.0,2039.0,974.0,10007.0,3214.0
N2,N2-9,Morgal (Int.with Z2042)-Narayanpur (Int.with Z2032),54.606,63.969,9.363,436.0,1971.0,896.0,11793.0,3303.0
N102,N102-1,Mainamati-Kangsanagar (Intersection with Z1219),0.0,10.206,10.206,231.0,1170.0,336.0,9708.0,1737.0
N102,N102-10,"Gathuria(Int. with N103)-Sarail(Kathihat, int. with N2)",77.271,83.382,6.111,98.0,1352.0,1152.0,12771.0,2602.0
N102,N102-2,Kangsanagar (Int with Z1219)-Debidduar (Int with Z1008),10.206,20.658,10.452,231.0,1170.0,336.0,9708.0,1737.0
N102,N102-3,Debiduar (Int with Z1008)- Companiganj (Int with Z1205),20.658,25.473,4.815,231.0,1170.0,336.0,9708.0,1737.0
N102,N102-4,Companiganj (Int with Z1205) - Mirpur (Int with Z1041),25.473,38.866,13.393,346.0,840.0,575.0,6677.0,1761.0
N102,N102-5,Mirpur (Int with Z1041)- Kuti (Int with Z1201),38.866,44.427,5.561,346.0,840.0,575.0,6677.0,1761.0
N102,N102-6,Kuti (Int with Z1201)- Dharkhar (Int with Z1202),44.427,56.883,12.456,346.0,840.0,575.0,6677.0,1761.0
N102,N102-7,Dharkhar (Int with Z1202)-Sultanpur (Int with Z1216),56.883,63.061,6.178,346.0,840.0,575.0,6677.0,1761.0
N102,N102-8,Sultanpur (Int with Z1216)-Kuatali(Int. with N103),63.061,71.456,8.395,98.0,1352.0,1152.0,12771.0,2602.0
N102,N102-9,Kuatali(Int. with N103)-Gathuria(Int. with N103),71.456,77.271,5.815,98.0,1352.0,1152.0,12771.0,2602.0
N104,N104-1,Feni (Trank Road)-Feni (Mohipal Chourasta) Int. with N1,0.0,1.878,1.878,90.0,675.0,406.0,9385.0,1171.0
N104,N104-10,Maijdee Bazar(Int.with R143)-Maijdee(Int.with Z1429),43.03,45.2,2.17,46.0,1263.0,625.0,9582.0,1934.0
N104,N104-11,Maijdee(Int.with Z1429)-Sonapur,45.2,49.63,4.43,19.0,675.0,496.0,8886.0,1190.0
N104,N104-2,Feni (Int. with N1)-Feni (Temohoni)Int.with Z1444,1.878,4.35,2.472,90.0,675.0,406.0,9385.0,1171.0
N104,N104-3,Feni (Temohoni)Int.with Z1444-Selonia (Int.with Z1443),4.35,8.315,3.965,90.0,675.0,406.0,9385.0,1171.0
N104,N104-4,Selonia(Int.with Z1443)-Daganbhuiyan (Int.with Z1441),8.315,14.809,6.494,90.0,675.0,406.0,9385.0,1171.0
N104,N104-5,Daganbhuiyan (Int.with Z1441)-Tulatali (Int.with Z1030),14.809,17.13,2.321,67.0,820.0,426.0,8738.0,1313.0
N104,N104-6,Tulatali (Int.with Z1030)- Kallandi (Int.with Z1421),17.13,23.823,6.693,67.0,820.0,426.0,8738.0,1313.0
N104,N104-7,Kallandi (Int.with Z1421)- Chowmohoni (Int.with Z1420),23.823,34.12,10.297,67.0,820.0,426.0,8738.0,1313.0
N104,N104-8,Chowmohoni (Int.with Z1420)-Chowmohoni (Int.with R142 & R140),34.12,36.033,1.913,67.0,820.0,426.0,8738.0,1313.0
N104,N104-9,Chowmohoni (Int.with R142 & R140)-Maijdee Bazar(Int.with R143),36.033,43.03,6.997,46.0,1263.0,625.0,9582.0,1934.0
N105,N105-1,"Madanpur (13th km of N1)-Nayapur, Bostail (Int.with R114)",0.0,6.309,6.309,338.0,3887.0,774.0,14904.0,4999.0
N105,N105-2,"Nayapur, Bostail(Int.with R114)-Bhulta (Int.with N2)",6.309,12.803,6.494,245.0,3444.0,1481.0,11587.0,5170.0
N105,N105-3,Bhulta (Int.with N2)-Purbachal Road,12.803,21.221,8.418,223.0,4762.0,1090.0,11834.0,6075.0
N105,N105-4,Purbachal Road- Ulukhola (Int.with Z3010),21.221,28.61,7.389,320.0,3715.0,1155.0,9256.0,5190.0
N105,N105-5,Ulukhola (Int.with Z3010)-Mirer Bazar (Int.with R301),28.61,36.158,7.548,320.0,3715.0,1155.0,9256.0,5190.0
N105,N105-6,Mirer Bazar (Int.with R301)-Vogra Bypass(Int.with N3),36.158,45.998,9.84,320.0,3715.0,1155.0,9256.0,5190.0
N105,N105-7,Vogra Bypass(Int.with N3)-End of Road (Int.with N4),45.998,48.881,2.883,328.0,3092.0,1796.0,11875.0,5216.0
N106,N106-1,Chittagong (Oxygen More)-Hathazari (Int. with R160),0.0,12.192,12.192,12.0,2672.0,709.0,17792.0,3393.0
N106,N106-2,Hathazari (Int. with R160)-Gohira(Int.with Z1619),12.192,19.321,7.129,0.0,776.0,362.0,10427.0,1138.0
N106,N106-3,Gohira(Int.with Z1619)-Munshihat (Int.with Z1629),19.321,24.297,4.976,0.0,776.0,362.0,10427.0,1138.0
N106,N106-4,Munshihat (Int.with Z1629)-Raozan (Int.with Z1012),24.297,25.278,0.981,0.0,776.0,362.0,10427.0,1138.0
N106,N106-5,Raozan (Int.with Z1012)-Ranirhat (Int.with Z1613),25.278,37.25,11.972,0.0,342.0,189.0,2443.0,531.0
N106,N106-6,Ranirhat (Int.with Z1613)-Gabtoli (Int.with Z1617),37.25,41.825,4.575,0.0,342.0,189.0,2443.0,531.0
N106,N106-7,Gabtoli (Int.with Z1617)-Ghagra (Int. with R161),41.825,48.879,7.054,0.0,342.0,189.0,2443.0,531.0
N106,N106-8,Ghagra (Int. with R161)-Manikchhari(Int. with R162),48.879,57.303,8.424,0.0,92.0,127.0,1975.0,219.0
N106,N106-9,Manikchhari(Int. with R162)-Rangamati,57.303,66.85,9.547,0.0,92.0,127.0,1975.0,219.0
N204,N204-1,Jagadishpur-Chunarughat (Int.with Z2008),0.0,25.449,25.449,0.0,176.0,190.0,2628.0,366.0
N204,N204-2,Chunarughat (Int.with Z2008)-Shaisthaganj,25.449,34.421,8.972,0.0,176.0,190.0,2628.0,366.0
N207,N207-1,Mirpur-Natun Bazar (Int.with Z2008),0.0,2.99,2.99,31.0,423.0,312.0,5329.0,766.0
N207,N207-2,Natun Bazar (Int.with Z2008)-Srimongal (Int.with Z2003),2.99,24.319,21.329,31.0,423.0,312.0,5329.0,766.0
N207,N207-3,Srimongal (Int.with Z2003)-Moulvibazar (Int.with N208),24.319,42.917,18.598,31.0,423.0,312.0,5329.0,766.0
N207,N207-4,Moulvibazar (Int.with N208)-Sherpur,42.917,67.985,25.068,31.0,423.0,312.0,5329.0,766.0
